product_name,full_listing_text,nrn,category,source_url
Actemra 162 mg,Actemra 162 mg** Solution for injection Tocilizumab 162 mg/0.9 mL NRN: A6-100070,A6-100070,Vaccines and Biologics,https://greenbook.nafdac.gov.ng/products/details/6931
Actemra 200 mg,Actemra 200 mg** Concentrate for solution for infusion Tocilizumab 200 mg/10mL NRN: A6-100067,A6-100067,Vaccines and Biologics,https://greenbook.nafdac.gov.ng/products/details/6932
Actemra 400 mg,Actemra 400 mg** Concentrate for solution for infusion Tocilizumab 400 mg/20 mL NRN: A6-100066,A6-100066,Vaccines and Biologics,https://greenbook.nafdac.gov.ng/products/details/6933
NovoRapid FlexPen 100 units/mL Solution for Injection in Pre-Filled Pen,NovoRapid FlexPen 100 units/mL Solution for Injection in Pre-Filled Pen** Solution for injection Insulin aspart 100 IU/mL NRN: A6-0207,A6-0207,Vaccines and Biologics,https://greenbook.nafdac.gov.ng/products/details/6997
Polio Sabin Bivalent Oral Poliomyelitis Vaccine Types 1 and 3 (BOPV),Polio Sabin Bivalent Oral Poliomyelitis Vaccine Types 1 and 3 (BOPV)** Suspension/Drops Poliomyelitis vaccine (OPV) (live attenuated) see Composition NRN: A6-0082,A6-0082,Vaccines and Biologics,https://greenbook.nafdac.gov.ng/products/details/6999
Synflorix 4-Dose Vial,Synflorix 4-Dose Vial** Suspension for injection Pneumococcal polysaccharide conjugate vaccine (adsorbed) see Composition NRN: A6-0492,A6-0492,Vaccines and Biologics,https://greenbook.nafdac.gov.ng/products/details/7002
Priorix Vaccine,"Priorix Vaccine** Freeze-dried powder for injection Measles, Mumps, and Rubella (MMR) vaccine, Live see Composition NRN: A6-0192",A6-0192,Vaccines and Biologics,https://greenbook.nafdac.gov.ng/products/details/7010
Varilrix Vaccine,"Varilrix Vaccine** Powder for injection Varicella-zoster vaccine, Live attenuated 0.5 mL NRN: A6-0191",A6-0191,Vaccines and Biologics,https://greenbook.nafdac.gov.ng/products/details/7013
Cervarix Vaccine,"Cervarix Vaccine** Suspension for injection Human papillomavirus bivalent (types 16 & 18) L1 protein vaccine, recombinant 20 mcg/0.5 mL; 20 mcg/0.5 mL NRN: A6-0012",A6-0012,Vaccines and Biologics,https://greenbook.nafdac.gov.ng/products/details/7016
Havrix 1440 Vaccine,"Havrix 1440 Vaccine** Suspension for injection Hepatitis A vaccine, Inactivated 1440 Elisa Units/mL NRN: A6-0444",A6-0444,Vaccines and Biologics,https://greenbook.nafdac.gov.ng/products/details/7023
Mendoz Meningitis Vaccine,Mendoz Meningitis Vaccine** Freeze-dried powder for injection Meningococcal ACWY polysaccharide vaccine (MPSV4) see Composition NRN: A6-100137,A6-100137,Vaccines and Biologics,https://greenbook.nafdac.gov.ng/products/details/7028
Rotarix Oral Suspension Applicator,"Rotarix Oral Suspension Applicator** Suspension Rotavirus vaccine (live, oral, monovalent) see Composition NRN: A6-0136",A6-0136,Vaccines and Biologics,https://greenbook.nafdac.gov.ng/products/details/7030
Engerix B 20 (Adult) Vaccine,Engerix B 20 (Adult) Vaccine** Suspension for injection Hepatitis B vaccine 20 mcg/mL NRN: A6-0041,A6-0041,Vaccines and Biologics,https://greenbook.nafdac.gov.ng/products/details/7032
Menactra Vaccine,Menactra Vaccine** Solution for injection Meningococcal ACWY conjugate vaccine (MenACWY) 0.5 mL NRN: A6-0407,A6-0407,Vaccines and Biologics,https://greenbook.nafdac.gov.ng/products/details/7033
Zarzio 30 MU/0.5 mL,Zarzio 30 MU/0.5 mL** Solution for injection/infusion Filgrastim 30 MU/0.5 mL NRN: A6-100053,A6-100053,Vaccines and Biologics,https://greenbook.nafdac.gov.ng/products/details/7037
Zarzio 48 MU/0.5 mL,Zarzio 48 MU/0.5 mL** Solution for injection/infusion Filgrastim 48 MU/0.5 mL NRN: A6-100055,A6-100055,Vaccines and Biologics,https://greenbook.nafdac.gov.ng/products/details/7038
Tresiba FlexTouch 100U/mL,Tresiba FlexTouch 100U/mL** Solution for injection Insulin degludec 100 units/mL NRN: A6-0484,A6-0484,Vaccines and Biologics,https://greenbook.nafdac.gov.ng/products/details/7039
Simponi 100 mg solution for injection PFP,Simponi 100 mg solution for injection PFP** Solution for injection Golimumab 100 mg/mL NRN: A6-0474,A6-0474,Vaccines and Biologics,https://greenbook.nafdac.gov.ng/products/details/7040
GARDASIL Suspension for Intramuscular Injection,"GARDASIL Suspension for Intramuscular Injection** Suspension for injection Human papillomavirus quadrivalent (types 6, 11, 16, & 18) L1 protein vaccine, recombinant 20 mcg/0.5mL; 40 mcg/0.5mL; 40 mcg/0.5mL; 20 mug/0.5mL NRN: A6-100120",A6-100120,Vaccines and Biologics,https://greenbook.nafdac.gov.ng/products/details/7041
Poliomyelitis Vaccine (Oral) Bivalent Type 1 and 3,Poliomyelitis Vaccine (Oral) Bivalent Type 1 and 3** Solution/Drops Poliomyelitis vaccine (OPV) (live attenuated) 0.1 mL NRN: A6-0253,A6-0253,Vaccines and Biologics,https://greenbook.nafdac.gov.ng/products/details/7043
Ryzodeg FlexTouch 100 U/mL,Ryzodeg FlexTouch 100 U/mL** Solution for injection Insulin degludec; Insulin aspart 300 units/3 mL NRN: A6-0489,A6-0489,Vaccines and Biologics,https://greenbook.nafdac.gov.ng/products/details/7044
Remicade,Remicade** Powder for concentrate for solution for infusion Infliximab 100 mg/Vial NRN: A6-0490,A6-0490,Vaccines and Biologics,https://greenbook.nafdac.gov.ng/products/details/7045
Insulinagypt 70/30 (100 IU/mL) Suspension for Injection in Vial,Insulinagypt 70/30 (100 IU/mL) Suspension for Injection in Vial** Suspension for injection Insulin regular (Human); Isophane insulin 1000 units/10 mL NRN: A6-100136,A6-100136,Vaccines and Biologics,https://greenbook.nafdac.gov.ng/products/details/7048
Kadcyla Powder for Concentrate for Solution for Infusion 160 mg,Kadcyla Powder for Concentrate for Solution for Infusion 160 mg** Powder for concentrate for solution for infusion Trastuzumab emtansine 160 mg/8 mL NRN: A6-100105,A6-100105,Vaccines and Biologics,https://greenbook.nafdac.gov.ng/products/details/7049
Kadcyla Powder for Concentrate for Solution for Infusion 100 mg,Kadcyla Powder for Concentrate for Solution for Infusion 100 mg** Powder for concentrate for solution for infusion Trastuzumab emtansine 100 mg/5 mL NRN: A6-0506,A6-0506,Vaccines and Biologics,https://greenbook.nafdac.gov.ng/products/details/7050
MabThera 1400 mg Solution for Subcutaneous Injection,MabThera 1400 mg Solution for Subcutaneous Injection** Solution for injection Rituximab hyaluronidase (SC formulation) 1400 mg/11.7 mL NRN: A6-0505,A6-0505,Vaccines and Biologics,https://greenbook.nafdac.gov.ng/products/details/7051
Pagenax 120 mg/mL Solution for Injection,Pagenax 120 mg/mL Solution for Injection** Solution for intravitreal injection Brolucizumab 120 mg/mL NRN: A6-100100,A6-100100,Vaccines and Biologics,https://greenbook.nafdac.gov.ng/products/details/7052
Ocrevus,Ocrevus** Concentrate for solution for infusion Ocrelizumab 300 mg/10 mL NRN: A6-100051,A6-100051,Vaccines and Biologics,https://greenbook.nafdac.gov.ng/products/details/7053
Vabysmo,Vabysmo** Solution for injection Faricimab 6 mg/0.05 mL (120 mg/mL) NRN: A6-100124,A6-100124,Vaccines and Biologics,https://greenbook.nafdac.gov.ng/products/details/7054
Typbar Vi Capsular Polysaccharide Typhoid Vaccine,Typbar Vi Capsular Polysaccharide Typhoid Vaccine** Solution for injection Typhoid Vi Polysaccharide Vaccine 125 mcg/2.5 mL NRN: A6-0446,A6-0446,Vaccines and Biologics,https://greenbook.nafdac.gov.ng/products/details/7055
Typbar TCV (Typhoid Vi conjugate vaccine),Typbar TCV (Typhoid Vi conjugate vaccine)** Suspension for injection Typhoid Vi Conjugate Vaccine 125 mcg/2.5 mL NRN: A6-100142,A6-100142,Vaccines and Biologics,https://greenbook.nafdac.gov.ng/products/details/7056
Typbar Vi Capsular Polysaccharide Vaccine 0.5,Typbar Vi Capsular Polysaccharide Vaccine 0.5** Solution for injection Typhoid Vi Polysaccharide Vaccine 25 mcg/ 0.5mL NRN: A6-0146,A6-0146,Vaccines and Biologics,https://greenbook.nafdac.gov.ng/products/details/7057
Actemra 80 mg,Actemra 80 mg** Concentrate for solution for infusion Tocilizumab 80 mg/4 mL NRN: A6-100068,A6-100068,Vaccines and Biologics,https://greenbook.nafdac.gov.ng/products/details/7058
Actrapid FlexPen 100 IU,Actrapid FlexPen 100 IU** Solution for injection Insulin regular (Human) 300 units/3 mL NRN: A6-0449,A6-0449,Vaccines and Biologics,https://greenbook.nafdac.gov.ng/products/details/7059
Apidra 100 IU/mL Solution for Injection in a Vial,Apidra 100 IU/mL Solution for Injection in a Vial** Solution for injection Insulin glulisine 1000 units/10 mL NRN: A6-0366,A6-0366,Vaccines and Biologics,https://greenbook.nafdac.gov.ng/products/details/7060
Avastin 100 mg,Avastin 100 mg** Concentrate for solution for infusion Bevacizumab 100 mg/4 mL NRN: A6-0123,A6-0123,Vaccines and Biologics,https://greenbook.nafdac.gov.ng/products/details/7061
GONAL-f Injection Pre-Filled Pen 900 IU,GONAL-f Injection Pre-Filled Pen 900 IU** Solution for injection Follitropin alfa 900 IU/1.5 mL (66 micrograms/1.5 mL) NRN: A6-0412,A6-0412,Vaccines and Biologics,https://greenbook.nafdac.gov.ng/products/details/7062
GONAL-f Injection Pre-Filled Pen 300 IU,GONAL-f Injection Pre-Filled Pen 300 IU** Solution for injection Follitropin alfa 300 IU/0.5 mL (22 micrograms/0.5 mL) NRN: A6-0410,A6-0410,Vaccines and Biologics,https://greenbook.nafdac.gov.ng/products/details/7063
GONAL-f Injection Pre-Filled Pen 450 IU,GONAL-f Injection Pre-Filled Pen 450 IU** Solution for injection Follitropin alfa 450 IU/0.75 mL (33 micrograms/0.75 mL) NRN: A6-0411,A6-0411,Vaccines and Biologics,https://greenbook.nafdac.gov.ng/products/details/7064
Tetanus Antitoxin (Equine) for Human Use Injection,Tetanus Antitoxin (Equine) for Human Use Injection** Solution for injection Tetanus antitoxin 1500 IU/0.75 mL NRN: A6-100064,A6-100064,Vaccines and Biologics,https://greenbook.nafdac.gov.ng/products/details/7065
Stamaril Vaccine,"Stamaril Vaccine** Powder for suspension for injection Yellow fever, live attenuated 0.5 mL NRN: A6-0112",A6-0112,Vaccines and Biologics,https://greenbook.nafdac.gov.ng/products/details/7066
Hemlibra 150 mg,Hemlibra 150 mg** Solution for injection Emicizumab 150 mg/1 mL NRN: A6-100134,A6-100134,Vaccines and Biologics,https://greenbook.nafdac.gov.ng/products/details/7068
Hemlibra 30 mg,Hemlibra 30 mg** Solution for injection Emicizumab 30 mg/1 mL NRN: A6-100132,A6-100132,Vaccines and Biologics,https://greenbook.nafdac.gov.ng/products/details/7069
Insulatard FlexPen 100 IU,Insulatard FlexPen 100 IU** Suspension for injection Isophane (NPH) insulin 300 units/3 mL NRN: A6-0450,A6-0450,Vaccines and Biologics,https://greenbook.nafdac.gov.ng/products/details/7070
GlucaGen HypoKit 1 mg,GlucaGen HypoKit 1 mg** Powder for injection Glucagon (rDNA Origin) (Glucagon Hydrochloride) 1 mg NRN: A6-0445,A6-0445,Vaccines and Biologics,https://greenbook.nafdac.gov.ng/products/details/7071
Vintor 2000 Injection,Vintor 2000 Injection** Solution for injection Epoetin alfa (Recombinant human erythropoietin) 2000 IU/mL NRN: A6-0077,A6-0077,Vaccines and Biologics,https://greenbook.nafdac.gov.ng/products/details/7072
Vintor 4000 Injections,Vintor 4000 Injections** Solution for injection Epoetin alfa (Recombinant human erythropoietin) 4000 IU/mL NRN: A6-0076,A6-0076,Vaccines and Biologics,https://greenbook.nafdac.gov.ng/products/details/7073
Humulin N Cartridges,Humulin N Cartridges** Suspension for injection Isophane (NPH) insulin 300 units/3 mL NRN: A6-0270,A6-0270,Vaccines and Biologics,https://greenbook.nafdac.gov.ng/products/details/7074
Humulin N Injection Vial,Humulin N Injection Vial** Suspension for injection Isophane (NPH) insulin 1000 units/10 mL NRN: A6-0149,A6-0149,Vaccines and Biologics,https://greenbook.nafdac.gov.ng/products/details/7075
Humulin R Solution for Injection in Cartridge,Humulin R Solution for Injection in Cartridge** Solution for injection Insulin regular (Human) 300 units/3 mL NRN: A6-0271,A6-0271,Vaccines and Biologics,https://greenbook.nafdac.gov.ng/products/details/7076
Regen-D 150,Regen-D 150** Gel Recombinant human Epidermal Growth Factor 150 mcg/g NRN: A6-0033,A6-0033,Vaccines and Biologics,https://greenbook.nafdac.gov.ng/products/details/7077
Recombinant Hepatitis B Vaccine 0.5 mL (Pediatric),Recombinant Hepatitis B Vaccine 0.5 mL (Pediatric)** Suspension for injection Hepatitis B vaccine 10 mcg/0.5 mL NRN: A6-100103,A6-100103,Vaccines and Biologics,https://greenbook.nafdac.gov.ng/products/details/7078
Recombinant Hepatitis B Vaccine 1.0 mL (Adult),Recombinant Hepatitis B Vaccine 1.0 mL (Adult)** Suspension for injection Hepatitis B vaccine 20 mcg/mL NRN: A6-100104,A6-100104,Vaccines and Biologics,https://greenbook.nafdac.gov.ng/products/details/7079
Regen-D 60,Regen-D 60** Dermal gel Recombinant human Epidermal Growth Factor 60 mcg/g NRN: A6-0032,A6-0032,Vaccines and Biologics,https://greenbook.nafdac.gov.ng/products/details/7080
Rebif 44 Micrograms Solution for Injection,Rebif 44 Micrograms Solution for Injection** Solution for injection Interferon beta-1a 44 mcg/ 0.5 mL NRN: A6-100135,A6-100135,Vaccines and Biologics,https://greenbook.nafdac.gov.ng/products/details/7081
Phesgo 600 mg/600 mg/10 mL,Phesgo 600 mg/600 mg/10 mL** Solution for injection Pertuzumab; Trastuzumab 600 mg/10 mL; 600 mg/10 mL NRN: A6-100047,A6-100047,Vaccines and Biologics,https://greenbook.nafdac.gov.ng/products/details/7082
Hemlibra 60 mg,Hemlibra 60 mg** Solution for injection Emicizumab 60 mg/ 0.4mL NRN: A6-100133,A6-100133,Vaccines and Biologics,https://greenbook.nafdac.gov.ng/products/details/7086
Wosulin N Suspension for Injection 100 IU/mL Vial,Wosulin N Suspension for Injection 100 IU/mL Vial** Suspension for injection Isophane (NPH) insulin 1000 units/10 mL NRN: A6-0239,A6-0239,Vaccines and Biologics,https://greenbook.nafdac.gov.ng/products/details/7087
Chorionic Gonadotropin for Injection USP 5000 IU,Chorionic Gonadotropin for Injection USP 5000 IU** Powder for injection Chorionic gonadotrophin 5000 IU NRN: A6-100121,A6-100121,Vaccines and Biologics,https://greenbook.nafdac.gov.ng/products/details/7088
Varirid vaccine,"Varirid vaccine** Freeze-dried powder for injection Varicella-zoster vaccine, Live attenuated 0.5 mL NRN: A6-100126",A6-100126,Vaccines and Biologics,https://greenbook.nafdac.gov.ng/products/details/7089
Enspryng Solution for Injection,Enspryng Solution for Injection** Solution for injection Satralizumab 120 mg/1 mL NRN: A6-100128,A6-100128,Vaccines and Biologics,https://greenbook.nafdac.gov.ng/products/details/7090
Erbitux Solution for Infusion,Erbitux Solution for Infusion** Solution for infusion Cetuximab 100 mg/20 mL NRN: A6-0438,A6-0438,Vaccines and Biologics,https://greenbook.nafdac.gov.ng/products/details/7091
Poliomyelitis (Live) Vaccine Type I Type III (Human Diploid Cell) Oral,Poliomyelitis (Live) Vaccine Type I Type III (Human Diploid Cell) Oral** Solution/Drops Poliomyelitis vaccine (OPV) (live attenuated) 0.1 mL NRN: A6-100119,A6-100119,Vaccines and Biologics,https://greenbook.nafdac.gov.ng/products/details/7092
Adsorbed Td Vaccine,Adsorbed Td Vaccine** Suspension for injection Tetanus Toxoid; Diphtheria Toxoid 0.5 mL NRN: A6-100049,A6-100049,Vaccines and Biologics,https://greenbook.nafdac.gov.ng/products/details/7094
Mircera 50 mcg,Mircera 50 mcg** Solution for injection Methoxy polyethylene glycol-epoetin beta 50 mcg/0.3 mL NRN: A6-0121,A6-0121,Vaccines and Biologics,https://greenbook.nafdac.gov.ng/products/details/7095
Mircera 75 mcg,Mircera 75 mcg** Solution for injection Methoxy polyethylene glycol-epoetin beta 75 mcg/0.3 mL NRN: A6-0106,A6-0106,Vaccines and Biologics,https://greenbook.nafdac.gov.ng/products/details/7096
Rabisin Suspension for Injection,Rabisin Suspension for Injection** Suspension for injection Rabies vaccine (inactivated) 1 IU/mL NRN: A6-0065,A6-0065,Vaccines and Biologics,https://greenbook.nafdac.gov.ng/products/details/7098
Rotavac 2.5 mL Multi-dose,"Rotavac 2.5 mL Multi-dose## Liquid Rotavirus vaccine (live, oral, monovalent) see Composition NRN: A6-100141",A6-100141,Vaccines and Biologics,https://greenbook.nafdac.gov.ng/products/details/7099
Lantus SoloStar Solution for Injection in a Pre-Filled Pen,Lantus SoloStar Solution for Injection in a Pre-Filled Pen** Solution for injection Insulin glargine 300 units/3 mL NRN: A6-0139,A6-0139,Vaccines and Biologics,https://greenbook.nafdac.gov.ng/products/details/7100
Lantus Solution for Injection in a Cartridge,Lantus Solution for Injection in a Cartridge** Solution for injection Insulin glargine 300 units/3 mL NRN: A6-0110,A6-0110,Vaccines and Biologics,https://greenbook.nafdac.gov.ng/products/details/7101
Lantus Solution for Injection in a Vial,Lantus Solution for Injection in a Vial** Solution for injection Insulin glargine 1000 units/10 mL NRN: A6-0109,A6-0109,Vaccines and Biologics,https://greenbook.nafdac.gov.ng/products/details/7102
Revac-B 10 mL Multi-dose,Revac-B 10 mL Multi-dose** Suspension for injection Hepatitis B vaccine 200 mcg/10 mL NRN: A6-0456,A6-0456,Vaccines and Biologics,https://greenbook.nafdac.gov.ng/products/details/7103
Meningococcal A Conjugate Vaccine 5 mcg,Meningococcal A Conjugate Vaccine 5 mcg** Powder for injection Meningococcal A Polysaccharide 5 mcg/0.5 mL NRN: A6-100060,A6-100060,Vaccines and Biologics,https://greenbook.nafdac.gov.ng/products/details/7104
Revac-B 1 mL Single Dose,Revac-B 1 mL Single Dose** Suspension for injection Hepatitis B Surface Antigen; Aluminium hydroxide 20 mcg/mL NRN: A6-0147,A6-0147,Vaccines and Biologics,https://greenbook.nafdac.gov.ng/products/details/7112
Phesgo 1200 mg/600 mg/15 mL,Phesgo 1200 mg/600 mg/15 mL** Solution for injection Pertuzumab; Trastuzumab 1200 mg/15 mL; 600 mg/15 mL NRN: A6-100063,A6-100063,Vaccines and Biologics,https://greenbook.nafdac.gov.ng/products/details/7726
Adacel Polio Vaccine,"Adacel Polio Vaccine** Suspension for injection Diphtheria, Tetanus, Pertussis and Poliomyelitis (inactivated) vaccine 0.5 mL NRN: A6-100058",A6-100058,Vaccines and Biologics,https://greenbook.nafdac.gov.ng/products/details/7753
Nimenrix Vaccine,Nimenrix Vaccine** Powder for injection Meningococcal ACWY conjugate vaccine (MenACWY) 0.5 mL NRN: A6-0259,A6-0259,Vaccines and Biologics,https://greenbook.nafdac.gov.ng/products/details/8224
Folisurge 1200 IU Injection,Folisurge 1200 IU Injection** Solution for injection Follitropin alfa 1200 IU/1.92 mL NRN: A6-0510,A6-0510,Vaccines and Biologics,https://greenbook.nafdac.gov.ng/products/details/8275
Folisurge 75 IU Injection,Folisurge 75 IU Injection** Solution for injection Follitropin alfa 75 IU/0.12 mL NRN: A6-0509,A6-0509,Vaccines and Biologics,https://greenbook.nafdac.gov.ng/products/details/8276
"Binocrit 10,000 IU/1 mL Solution for Injection in A Pre-Filled Syringe","Binocrit 10,000 IU/1 mL Solution for Injection in A Pre-Filled Syringe** Solution for injection Epoetin alfa (Recombinant human erythropoietin) 10,000 IU/1 mL NRN: A6-100117",A6-100117,Vaccines and Biologics,https://greenbook.nafdac.gov.ng/products/details/8277
"Binocrit 2,000 IU/1 mL Solution for Injection in a Pre-Filled Syringe","Binocrit 2,000 IU/1 mL Solution for Injection in a Pre-Filled Syringe** Solution for injection Epoetin alfa (Recombinant human erythropoietin) 2,000 IU/1 mL NRN: A6-100114",A6-100114,Vaccines and Biologics,https://greenbook.nafdac.gov.ng/products/details/8278
"Binocrit 4,000 IU/0.4 mL Solution for Injection in a Pre-Filled Syringe","Binocrit 4,000 IU/0.4 mL Solution for Injection in a Pre-Filled Syringe** Solution for injection Epoetin alfa (Recombinant human erythropoietin) 4,000 IU/0.4 mL NRN: A6-100115",A6-100115,Vaccines and Biologics,https://greenbook.nafdac.gov.ng/products/details/8279
"Binocrit 8,000 IU/0.8 mL Solution for Injection in a Pre-Filled Syringe","Binocrit 8,000 IU/0.8 mL Solution for Injection in a Pre-Filled Syringe** Solution for injection Epoetin alfa (Recombinant human erythropoietin) 8,000 IU/0.8 mL NRN: A6-100116",A6-100116,Vaccines and Biologics,https://greenbook.nafdac.gov.ng/products/details/8280
Avaxim 80 U Pediatric Suspension for Injection in a Prefilled Syringe,"Avaxim 80 U Pediatric Suspension for Injection in a Prefilled Syringe** Suspension for injection Hepatitis A vaccine, Inactivated 80 antigen units/0.5 mL NRN: A6-0459",A6-0459,Vaccines and Biologics,https://greenbook.nafdac.gov.ng/products/details/8281
Hexaxim Vaccine,"Hexaxim Vaccine** Suspension for injection Diphtheria, Tetanus, Pertussis (acellular, component), Hepatitis B (rDNA), Poliomyelitis (inactivated) & Haemophilus influenzae type B conjugate vaccine (adsorbed) 0.5 mL NRN: A6-0447",A6-0447,Vaccines and Biologics,https://greenbook.nafdac.gov.ng/products/details/8314
Humalog KwikPen Mix25 Suspension for Injection,Humalog KwikPen Mix25 Suspension for Injection** Suspension for injection Insulin lispro; Insulin lispro protamine 300 units/3 mL NRN: A6-0618,A6-0618,Vaccines and Biologics,https://greenbook.nafdac.gov.ng/products/details/8315
Elaxim-40,Elaxim-40** Powder for injection Tenecteplase 40 mg/Vial NRN: A6-0085,A6-0085,Vaccines and Biologics,https://greenbook.nafdac.gov.ng/products/details/8316
Elaxim 52.5 Injection,Elaxim 52.5 Injection** Powder for injection Tenecteplase 52.5 mg/Vial NRN: A6-0086,A6-0086,Vaccines and Biologics,https://greenbook.nafdac.gov.ng/products/details/8317
"Verorab Rabies Vaccine, Inactivated","Verorab Rabies Vaccine, Inactivated** Powder for suspension for injection Rabies vaccine (inactivated) 2.5 IU/0.5 mL NRN: A6-0154",A6-0154,Vaccines and Biologics,https://greenbook.nafdac.gov.ng/products/details/8323
Wosulin 30/70 Biphasic Isophane Human Insulin,Wosulin 30/70 Biphasic Isophane Human Insulin** Suspension for injection Insulin regular (Human); Isophane insulin 1000 units/10 mL NRN: A6-0238,A6-0238,Vaccines and Biologics,https://greenbook.nafdac.gov.ng/products/details/8324
Wosulin 30/70 Biphasic Isophane Insulin Human Injection,Wosulin 30/70 Biphasic Isophane Insulin Human Injection** Suspension for injection Insulin regular (Human); Isophane insulin 300 units/3 mL NRN: A6-0334,A6-0334,Vaccines and Biologics,https://greenbook.nafdac.gov.ng/products/details/8325
Wosulin N Suspension for Injection 100 IU/mL Cartridge,Wosulin N Suspension for Injection 100 IU/mL Cartridge** Suspension for injection Isophane (NPH) insulin 300 units/3 mL NRN: A6-0333,A6-0333,Vaccines and Biologics,https://greenbook.nafdac.gov.ng/products/details/8326
Wosulin R Insulin Human Injection Cartridge,Wosulin R Insulin Human Injection Cartridge** Solution for injection Insulin regular (Human) 300 units/3 mL NRN: A6-0335,A6-0335,Vaccines and Biologics,https://greenbook.nafdac.gov.ng/products/details/8327
Wosulin R Insulin Human Injection,Wosulin R Insulin Human Injection** Solution for injection Insulin regular (Human) 1000 units/10 mL NRN: A6-0240,A6-0240,Vaccines and Biologics,https://greenbook.nafdac.gov.ng/products/details/8328
Humalog 100 U/mL KwikPen Solution for Injection,Humalog 100 U/mL KwikPen Solution for Injection** Solution for injection Insulin lispro 300 units/3 mL NRN: A6-0617,A6-0617,Vaccines and Biologics,https://greenbook.nafdac.gov.ng/products/details/8549
HibPro Haemophilus Influenzae Type B Conjugate Vaccine,HibPro Haemophilus Influenzae Type B Conjugate Vaccine** Injection Haemophilus Influenzae Type B vaccine 0.5 mL NRN: A6-0200,A6-0200,Vaccines and Biologics,https://greenbook.nafdac.gov.ng/products/details/8550
Herceptin Solution for Injection (for Subcutaneous Use),Herceptin Solution for Injection (for Subcutaneous Use)** Solution for injection Trastuzumab hyaluronidase (SC formulation) 600 mg/5 mL NRN: A6-0481,A6-0481,Vaccines and Biologics,https://greenbook.nafdac.gov.ng/products/details/8551
Silmen-5,Silmen-5** Powder for injection Meningococcal ACWYX conjugate vaccine (MenACWYX) 0.5 mL NRN: A6-100157,A6-100157,Vaccines and Biologics,https://greenbook.nafdac.gov.ng/products/details/8635
NovoMix 30 FlexPen 100 U/mL Suspension for Injection in Pre-Filled Pen,NovoMix 30 FlexPen 100 U/mL Suspension for Injection in Pre-Filled Pen** Suspension for injection Insulin aspart; Insulin aspart protamine 300 units/3 mL NRN: A6-0204,A6-0204,Vaccines and Biologics,https://greenbook.nafdac.gov.ng/products/details/8728
Priorix Tetra,"Priorix Tetra** Powder for injection Measles, Mumps, and Rubella (MMR); Varicella vaccine 0.5 mL NRN: A6-0145",A6-0145,Vaccines and Biologics,https://greenbook.nafdac.gov.ng/products/details/8818
Mixtard 30 FlexPen 100IU,Mixtard 30 FlexPen 100IU** Suspension for injection Insulin regular (Human); Isophane insulin 300 units/3 mL NRN: A6-0448,A6-0448,Vaccines and Biologics,https://greenbook.nafdac.gov.ng/products/details/8820
Mvabea suspension for injection,Mvabea suspension for injection** Suspension for injection Ebola vaccine see Composition NRN: A6-100118,A6-100118,Vaccines and Biologics,https://greenbook.nafdac.gov.ng/products/details/8858
Zabdeno suspension for injection,Zabdeno suspension for injection** Suspension for injection Ebola vaccine see Composition NRN: A6-100111,A6-100111,Vaccines and Biologics,https://greenbook.nafdac.gov.ng/products/details/8859
Actrapid 100 IU/mL Vial,Actrapid 100 IU/mL Vial** Solution for injection Insulin regular (Human) 1000 units/10 mL NRN: A6-0069,A6-0069,Vaccines and Biologics,https://greenbook.nafdac.gov.ng/products/details/8877
Foliculin 75 HP Injection,Foliculin 75 HP Injection** Powder for injection Urofollitropin 75 IU NRN: A6-0235,A6-0235,Vaccines and Biologics,https://greenbook.nafdac.gov.ng/products/details/8995
Foliculin 150 HP Injection,Foliculin 150 HP Injection** Powder for injection Urofollitropin 150 IU NRN: A6-0236,A6-0236,Vaccines and Biologics,https://greenbook.nafdac.gov.ng/products/details/8996
Avaxim 160 U Vaccine,"Avaxim 160 U Vaccine** Suspension for injection Hepatitis A vaccine, Inactivated 160 ELISA units/0.5 mL NRN: A6-100175",A6-100175,Vaccines and Biologics,https://greenbook.nafdac.gov.ng/products/details/9030
Adsorbed Tetanus Toxoid Vaccine,Adsorbed Tetanus Toxoid Vaccine** Suspension for injection Tetanus Toxoid not less than 5 Lf (40 IU) NRN: A6-0201,A6-0201,Vaccines and Biologics,https://greenbook.nafdac.gov.ng/products/details/9807
Eylea 40 mg/mL Solution for Injection,Eylea 40 mg/mL Solution for Injection** Solution for intravitreal injection Aflibercept 40 mg/mL NRN: A6-0511,A6-0511,Vaccines and Biologics,https://greenbook.nafdac.gov.ng/products/details/9827
HuCog 5000 HP Injection,HuCog 5000 HP Injection** Powder for injection Chorionic gonadotrophin 5000 IU NRN: A6-0234,A6-0234,Vaccines and Biologics,https://greenbook.nafdac.gov.ng/products/details/10111
Humog 150 HP Injection,Humog 150 HP Injection** Powder for injection Human menopausal gonadotrophin 150 IU NRN: A6-0233,A6-0233,Vaccines and Biologics,https://greenbook.nafdac.gov.ng/products/details/10112
Humog 75 HP,Humog 75 HP** Powder for injection Human menopausal gonadotrophin 75 IU NRN: A6-0232,A6-0232,Vaccines and Biologics,https://greenbook.nafdac.gov.ng/products/details/10113
Menotas HP 150,Menotas HP 150** Powder for injection Human menopausal gonadotrophin 150 IU NRN: A6-100101,A6-100101,Vaccines and Biologics,https://greenbook.nafdac.gov.ng/products/details/10114
Menotas HP 75,Menotas HP 75** Powder for injection Human menopausal gonadotrophin 75 IU NRN: A6-100102,A6-100102,Vaccines and Biologics,https://greenbook.nafdac.gov.ng/products/details/10115
Mixtard 30 vial 100 IU/mL,Mixtard 30 vial 100 IU/mL** Suspension for injection Insulin regular (Human); Isophane insulin 1000 units/10 mL NRN: A6-0071,A6-0071,Vaccines and Biologics,https://greenbook.nafdac.gov.ng/products/details/10281
Insuget 70/30 (Human Insulin - rDNA Origin) Injection 100 IU/mL,Insuget 70/30 (Human Insulin - rDNA Origin) Injection 100 IU/mL # Suspension for injection Insulin regular (Human); Isophane insulin 100 IU/mL NRN: A6-100184,A6-100184,Vaccines and Biologics,https://greenbook.nafdac.gov.ng/products/details/11035
Insuget-N NPH (Human Insulin - rDNA Origin) Injection 100 IU/mL,Insuget-N NPH (Human Insulin - rDNA Origin) Injection 100 IU/mL## Suspension for injection Isophane (NPH) insulin 100 IU/mL NRN: A6-100185,A6-100185,Vaccines and Biologics,https://greenbook.nafdac.gov.ng/products/details/11036
Insuget-R Regular (Human Insulin - rDNA Origin) Injection 100 IU/mL,Insuget-R Regular (Human Insulin - rDNA Origin) Injection 100 IU/mL## Solution for injection Insulin regular (Human) 100 IU/mL NRN: A6-100186,A6-100186,Vaccines and Biologics,https://greenbook.nafdac.gov.ng/products/details/11037
MabThera 100 mg Concentrate for Solution for Infusion,MabThera 100 mg Concentrate for Solution for Infusion** Concentrate for solution for infusion Rituximab 100 mg/10 mL NRN: A6-0266,A6-0266,Vaccines and Biologics,https://greenbook.nafdac.gov.ng/products/details/11039
Mabthera 500 mg Concentrate for Solution for Infusion,Mabthera 500 mg Concentrate for Solution for Infusion** Concentrate for solution for infusion Rituximab 500 mg/50 mL NRN: A6-0104,A6-0104,Vaccines and Biologics,https://greenbook.nafdac.gov.ng/products/details/11040
Twinrix Junior Vaccine,Twinrix Junior Vaccine** Suspension for injection Hepatitis A virus (inactivated); Hepatitis B surface antigen 360 Elisa Units; 10µg NRN: A6-0190,A6-0190,Vaccines and Biologics,https://greenbook.nafdac.gov.ng/products/details/11050
Tecentriq 1200 mg/20 mL,Tecentriq 1200 mg/20 mL** Concentrate for solution for infusion Atezolizumab 1200 mg/20 mL NRN: A6-100034,A6-100034,Vaccines and Biologics,https://greenbook.nafdac.gov.ng/products/details/11051
Tecentriq 840 mg/14 mL,Tecentriq 840 mg/14 mL** Concentrate for solution for infusion Atezolizumab 840 mg/14 mL NRN: A6-100033,A6-100033,Vaccines and Biologics,https://greenbook.nafdac.gov.ng/products/details/11052
Saxenda 6 mg/mL Solution for Injection in Pre-filled Pen,Saxenda 6 mg/mL Solution for Injection in Pre-filled Pen** Solution for injection Liraglutide 6 mg/mL NRN: A6-100004,A6-100004,Vaccines and Biologics,https://greenbook.nafdac.gov.ng/products/details/11053
Rotarix Oral Suspension Tube,"Rotarix Oral Suspension Tube** Suspension Rotavirus vaccine (live, oral, monovalent) see Composition NRN: A6-0458",A6-0458,Vaccines and Biologics,https://greenbook.nafdac.gov.ng/products/details/11054
Rhoclone 300 mcg,Rhoclone 300 mcg** Freeze-dried powder for injection Monoclonal Anti Rho-D Immunoglobulin 300 mcg NRN: A6-0138,A6-0138,Vaccines and Biologics,https://greenbook.nafdac.gov.ng/products/details/11055
Pneumosil Vaccine 2.5 mL,Pneumosil Vaccine 2.5 mL** Suspension for injection Pneumococcal polysaccharide conjugate vaccine (adsorbed) 2.5 mL NRN: A6-100189,A6-100189,Vaccines and Biologics,https://greenbook.nafdac.gov.ng/products/details/11058
Pneumosil Vaccine 0.5 mL,Pneumosil Vaccine 0.5 mL** Suspension for injection Pneumococcal polysaccharide conjugate vaccine (adsorbed) 0.5 mL NRN: A6-100188,A6-100188,Vaccines and Biologics,https://greenbook.nafdac.gov.ng/products/details/11059
Perjeta 420 mg Concentrate for Solution for Infusion,Perjeta 420 mg Concentrate for Solution for Infusion** Concentrate for solution for infusion Pertuzumab 420 mg/14 mL NRN: A6-0526,A6-0526,Vaccines and Biologics,https://greenbook.nafdac.gov.ng/products/details/11060
Pasurta 140 mg/mL Solution for Injection in a Prefilled Syringe,Pasurta 140 mg/mL Solution for Injection in a Prefilled Syringe** Solution for injection Erenumab 140 mg/mL NRN: A6-100009,A6-100009,Vaccines and Biologics,https://greenbook.nafdac.gov.ng/products/details/11061
Pasurta 70 mg/mL Solution for Injection in a Prefilled Syringe,Pasurta 70 mg/mL Solution for Injection in a Prefilled Syringe** Solution for injection Erenumab 70 mg/mL NRN: A6-100008,A6-100008,Vaccines and Biologics,https://greenbook.nafdac.gov.ng/products/details/11062
Ovitrelle 250 micrograms Solution for Injection in Prefilled Syringe,Ovitrelle 250 micrograms Solution for Injection in Prefilled Syringe** Solution for injection Choriogonadotropin alfa 250 mcg/0.5 mL NRN: A6-0437,A6-0437,Vaccines and Biologics,https://greenbook.nafdac.gov.ng/products/details/11063
"MRBEV - Measles and Rubella Vaccine (Live) (Attenuated, Freeze Dried) Five Dose Vial - 2.5 mL","MRBEV - Measles and Rubella Vaccine (Live) (Attenuated, Freeze Dried) Five Dose Vial - 2.5 mL** Freeze-dried powder for injection Measles and Rubella vaccine, Live see Composition NRN: A6-100192",A6-100192,Vaccines and Biologics,https://greenbook.nafdac.gov.ng/products/details/11064
"MRBEV - Measles and Rubella Vaccine (Live) (Attenuated, Freeze Dried) Five Dose Vial - 5 mL","MRBEV - Measles and Rubella Vaccine (Live) (Attenuated, Freeze Dried) Five Dose Vial - 5 mL** Freeze-dried powder for injection Measles and Rubella vaccine, Live see Composition NRN: A6-100191",A6-100191,Vaccines and Biologics,https://greenbook.nafdac.gov.ng/products/details/11065
Levemir FlexPen 100 Units/mL Solution for Injection in Pre-filled Pen,Levemir FlexPen 100 Units/mL Solution for Injection in Pre-filled Pen** Solution for injection Insulin detemir 300 units/3 mL NRN: A6-0206,A6-0206,Vaccines and Biologics,https://greenbook.nafdac.gov.ng/products/details/11067
Basagine Injection 100 units/mL,Basagine Injection 100 units/mL## Injection Recombinant Insulin Glargine 100 units/mL NRN: A6-100190,A6-100190,Vaccines and Biologics,https://greenbook.nafdac.gov.ng/products/details/11084
Simulect,Simulect** Powder for solution for injection/infusion Basiliximab 20 mg NRN: A6-0405,A6-0405,Vaccines and Biologics,https://greenbook.nafdac.gov.ng/products/details/11086
Vaxxitek HVT + IBD Vaccine,Vaxxitek HVT + IBD Vaccine** Concentrate for suspension for injection Combined Avian infectious bursal (gumboro) disease and Avian herpes virus (Marek's disease) vaccine see Composition NRN: A6-0151,A6-0151,Vaccines and Biologics,https://greenbook.nafdac.gov.ng/products/details/11089
NovoSeven 1 mg (50 KIU) powder and solvent for solution for injection,NovoSeven 1 mg (50 KIU) powder and solvent for solution for injection** Powder for solution for injection/infusion Coagulation factor VIIa 1 mg (50 KIU)/Vial NRN: A6-0565,A6-0565,Vaccines and Biologics,https://greenbook.nafdac.gov.ng/products/details/11095
NovoSeven 2 mg (100 KIU) powder and solvent for solution for injection,NovoSeven 2 mg (100 KIU) powder and solvent for solution for injection** Powder for solution for injection/infusion Coagulation factor VIIa 2 mg (100 KIU)/Vial NRN: A6-0566,A6-0566,Vaccines and Biologics,https://greenbook.nafdac.gov.ng/products/details/11096
Meningococcal A Conjugate Vaccine 10 mcg,Meningococcal A Conjugate Vaccine 10 mcg** Powder for injection Meningococcal A Polysaccharide 10 mcg/0.5 mL NRN: A6-100061,A6-100061,Vaccines and Biologics,https://greenbook.nafdac.gov.ng/products/details/11097
Pentabio (DTwP-HB-Hib) Vaccine (1 dose),"Pentabio (DTwP-HB-Hib) Vaccine (1 dose)** Suspension for injection Diphtheria, Tetanus, Pertussis, Hepatitis B and Haemophilus influenzae type B vaccine (Pentavalent vaccine) 0.5 mL NRN: A6-100062",A6-100062,Vaccines and Biologics,https://greenbook.nafdac.gov.ng/products/details/11098
Pentabio (DTwP-HB-Hib) Vaccine (5 dose),"Pentabio (DTwP-HB-Hib) Vaccine (5 dose)** Suspension for injection Diphtheria, Tetanus, Pertussis, Hepatitis B and Haemophilus influenzae type B vaccine (Pentavalent vaccine) 0.5 mL NRN: A6-100069",A6-100069,Vaccines and Biologics,https://greenbook.nafdac.gov.ng/products/details/11099
Poliomyelitis vaccine (Inactivated),Poliomyelitis vaccine (Inactivated)** Suspension for injection Poliomyelitis vaccine (IPV) (inactivated) 0.5 mL NRN: A6-100090,A6-100090,Vaccines and Biologics,https://greenbook.nafdac.gov.ng/products/details/11100
Rotasiil Liquid,"Rotasiil Liquid** Liquid Rotavirus vaccine (live, oral, pentavalent) see Composition NRN: A6-100122",A6-100122,Vaccines and Biologics,https://greenbook.nafdac.gov.ng/products/details/11101
Levemir FlexPen,Levemir FlexPen** Injection Insulin detemir 300 units/3 mL NRN: A6-0206,A6-0206,Vaccines and Biologics,https://greenbook.nafdac.gov.ng/products/details/11232
MenQuadfi Vaccine,MenQuadfi Vaccine** Solution for injection Meningococcal ACWY conjugate vaccine (MenACWY) 0.5 mL NRN: A6-100059,A6-100059,Vaccines and Biologics,https://greenbook.nafdac.gov.ng/products/details/11242
Marchept (Freeze Dried Live Attenuated),"Marchept (Freeze Dried Live Attenuated)** Freeze-dried powder for injection Hepatitis A vaccine, Live 0.5 mL NRN: A6-100129",A6-100129,Vaccines and Biologics,https://greenbook.nafdac.gov.ng/products/details/11290
Shan IPV (Inactivated Poliomyelitis Vaccine),Shan IPV (Inactivated Poliomyelitis Vaccine)** Suspension for injection Poliomyelitis vaccine (IPV) (inactivated) see Composition NRN: A6-100057,A6-100057,Vaccines and Biologics,https://greenbook.nafdac.gov.ng/products/details/11300
Tetraxim Vaccine Suspension for Injection in Prefilled Syringe,"Tetraxim Vaccine Suspension for Injection in Prefilled Syringe** Suspension for injection Diphtheria, Tetanus, Pertussis and Poliomyelitis (inactivated) vaccine see Composition NRN: A6-0153",A6-0153,Vaccines and Biologics,https://greenbook.nafdac.gov.ng/products/details/11312
U-Tryp-Injection,"U-Tryp-Injection** Solution for injection Ulinastatin 100,000 IU/Vial NRN: A6-0544",A6-0544,Vaccines and Biologics,https://greenbook.nafdac.gov.ng/products/details/11313
Avastin 400 mg/16 mL,Avastin 400 mg/16 mL** Concentrate for solution for infusion Bevacizumab 400 mg/16 mL NRN: A6-0101,A6-0101,Vaccines and Biologics,https://greenbook.nafdac.gov.ng/products/details/11338
Recormon (Epoetin Beta 4000 IU/03.mL),Recormon (Epoetin Beta 4000 IU/03.mL)** Solution for injection Epoetin beta (Recombinant human erythropoietin) 4000 IU/0.3 mL NRN: A6-0120,A6-0120,Vaccines and Biologics,https://greenbook.nafdac.gov.ng/products/details/11339
Simponi Solution for Injection in Prefilled Pen,Simponi Solution for Injection in Prefilled Pen** Solution for injection Golimumab 50 mg/0.5 mL NRN: A6-100193,A6-100193,Vaccines and Biologics,https://greenbook.nafdac.gov.ng/products/details/11381
"Pneubevax 14, 2.5 mL Suspension for injection Pneumococcal","Pneubevax 14, 2.5 mL Suspension for injection Pneumococcal polysaccharide conjugate vaccine (adsorbed) see Composition NRN: A6-100196",A6-100196,Vaccines and Biologics,https://greenbook.nafdac.gov.ng/products/details/11507
SII Td-Vac Vaccine,SII Td-Vac Vaccine** Suspension for injection Tetanus Toxoid; Diphtheria Toxoid 0.5 mL NRN: A6-100195,A6-100195,Vaccines and Biologics,https://greenbook.nafdac.gov.ng/products/details/11514
AG Spironolactone,AG Spironolactone## Tablet Spironolactone 25 mg NRN: A4-100160,A4-100160,Drugs,
Artheget EZ,Artheget EZ## Tablet Artemether; Lumefantrine 80 mg; 480 mg NRN: A4-6238,A4-6238,Drugs,
Crushmal,Crushmal## Tablet Artemether; Lumefantrine 80 mg; 480 mg NRN: A4-100161,A4-100161,Drugs,
Dolburg 50,Dolburg 50## Capsule Tramadol Hydrochloride 50 mg NRN: A4-9351,A4-9351,Drugs,
Hanmal,Hanmal## Tablet Artemether; Lumefantrine 20 mg; 120 mg NRN: B4-4875,B4-4875,Drugs,
Torvedol 12.5,Torvedol 12.5## Tablet Carvedilol 12.5 mg NRN: B4-3210,B4-3210,Drugs,
Torvedol 6.25,Torvedol 6.25## Tablet Carvedilol 6.25 mg NRN: B4-3209,B4-3209,Drugs,
Telmisartan & Hydrochlorothiazide Tablets USP,Telmisartan & Hydrochlorothiazide Tablets USP## Tablet Telmisartan; Hydrochlorothiazide 40 mg; 12.5 mg NRN: A4-100167,A4-100167,Drugs,
S-Flox,S-Flox## Tablet Levofloxacin (Levofloxacin Hemihydrate) 500 mg NRN: A4-3454,A4-3454,Drugs,
Accesslife Tramadol Capsules,Accesslife Tramadol Capsules** Capsule Tramadol Hydrochloride 100 mg NRN: A4-100153,A4-100153,Drugs,
Aciguard Antacid Suspension,Aciguard Antacid Suspension## Suspension Aluminium hydroxide; Magnesium hydroxide; Magnesium trisilicate; Simeticone 300 mg/5 mL; 100 mg/5 mL; 150 mg/5 mL; 25 mg/5 mL NRN: 04-4753,04-4753,Drugs,
Acizip-100 Tablets Tablet Aceclofenac 100 mg,Acizip-100 Tablets Tablet Aceclofenac 100 mg NRN: B4-4804,B4-4804,Drugs,
Acyclovir Ointment,Acyclovir Ointment## Ointment Aciclovir 5% NRN: A11-100249,A11-100249,Drugs,
Afrixime CLV 325 Tablets,Afrixime CLV 325 Tablets## Tablet Cefixime; Clavulanic Acid (Clavulanate Potassium) 200 mg; 125 mg NRN: B4-4802,B4-4802,Drugs,
Agazit Tablets,Agazit Tablets## Tablet Azithromycin (Azithromycin Dihydrate) 500 mg NRN: A4-100147,A4-100147,Drugs,
Agcef Tablet,Agcef Tablet## Tablet Cefuroxime (Cefuroxime Axetil) 500 mg NRN: A4-100138,A4-100138,Drugs,
Albendazole 200,Albendazole 200## Suspension Albendazole 200 mg/5 mL NRN: A11-100325,A11-100325,Drugs,
Alpent Injection,Alpent Injection** Solution for injection Pentazocine (Pentazocine Lactate) 30 mg/mL NRN: B4-3655,B4-3655,Drugs,
Amikacin Injection,Amikacin Injection** Solution for injection Amikacin (Amikacin Sulphate) 500 mg/2 mL NRN: BA-0906,BA-0906,Drugs,
Amlodipine Tablets,Amlodipine Tablets## Tablet Amlodipine (Amlodipine Besilate) 10 mg NRN: A11-0275,A11-0275,Drugs,
G-Clav Injection,G-Clav Injection## Powder for injection Amoxicillin (Amoxicillin Sodium); Clavulanic Acid (Potassium Clavulanate) 1000 mg; 200 mg NRN: A4-6099,A4-6099,Drugs,
Apitol Caplets Caplet Cyproheptadine Hydrochloride 4,Apitol Caplets Caplet Cyproheptadine Hydrochloride 4 mg NRN: A11-100260,A11-100260,Drugs,
Apitol Tablets,Apitol Tablets## Tablet Cyproheptadine Hydrochloride 4 mg NRN: A4-3376,A4-3376,Drugs,
Artemether Injection,Artemether Injection## Solution for injection Artemether 80 mg/mL NRN: A4-8799,A4-8799,Drugs,
Avelox Intravenous Infusion,Avelox Intravenous Infusion** Solution for infusion Moxifloxacin (Moxifloxacin Hydrochloride) 400 mg/250 mL NRN: A4-3297,A4-3297,Drugs,
Avromal DS Tablets,Avromal DS Tablets## Tablet Artemether; Lumefantrine 80 mg; 480 mg NRN: A4-4532,A4-4532,Drugs,
Axcel Cefuroxime-250 Capsule,Axcel Cefuroxime-250 Capsule## Capsule Cefuroxime (Cefuroxime Axetil) 250 mg NRN: A4-2996,A4-2996,Drugs,
Axcel Cephalexin-500 Capsule,Axcel Cephalexin-500 Capsule## Capsule Cefalexin 500 mg NRN: A4-3050,A4-3050,Drugs,
Betaglip Tablets,Betaglip Tablets## Tablet Glipizide 5 mg NRN: A4-9236,A4-9236,Drugs,
Betavate C Cream,Betavate C Cream## Cream Betamethasone (Betamethasone Valerate) 0.1% NRN: A4-5126,A4-5126,Drugs,
Cafekris,Cafekris## Tablet Acetylsalicylic acid; Caffeine 375 mg; 25 mg NRN: A11-100335,A11-100335,Drugs,
Candesartan 16 mg Tablets,Candesartan 16 mg Tablets## Tablet Candesartan Cilexetil 16 mg NRN: B4-5707,B4-5707,Drugs,
Candesartan 8 mg Tablets,Candesartan 8 mg Tablets## Tablet Candesartan Cilexetil 8 mg NRN: B4-5705,B4-5705,Drugs,
Ceftran For Injection,Ceftran For Injection** Powder for injection Ceftriaxone (Ceftriaxone Sodium) 1 g NRN: B4-5204,B4-5204,Drugs,
Chovastin 10 mg,Chovastin 10 mg## Tablet Atorvastatin (Atorvastatin Calcium) 10 mg NRN: A4-9757,A4-9757,Drugs,
Chovastin 20 mg,Chovastin 20 mg## Tablet Atorvastatin (Atorvastatin Calcium) 20 mg NRN: A4-9756,A4-9756,Drugs,
Cika Dexamethasone Tablets,Cika Dexamethasone Tablets## Tablet Dexamethasone phosphate (Dexamethasone sodium phosphate) 0.5 mg NRN: A11-100226,A11-100226,Drugs,
Cika Doxycycline Capsule,Cika Doxycycline Capsule## Capsule Doxycycline (Doxycycline Hyclate) 100 mg NRN: A11-100225,A11-100225,Drugs,
Cikagyl 400 Tablet,Cikagyl 400 Tablet## Tablet Metronidazole 400 mg NRN: A11-100255,A11-100255,Drugs,
Coxiget 200 mg,Coxiget 200 mg## Capsule Celecoxib 200 mg NRN: B4-6150,B4-6150,Drugs,
Coxiget 400 mg,Coxiget 400 mg## Capsule Celecoxib 400 mg NRN: B4-6149,B4-6149,Drugs,
Crestor 10 mg Tablets,Crestor 10 mg Tablets** Tablet Rosuvastatin (Rosuvastatin Calcium) 10 mg NRN: A4-5403,A4-5403,Drugs,
Crestor 40 mg Tablets,Crestor 40 mg Tablets** Tablet Rosuvastatin (Rosuvastatin Calcium) 40 mg NRN: A4-5405,A4-5405,Drugs,
Crestor 5 mg Tablets,Crestor 5 mg Tablets** Tablet Rosuvastatin (Rosuvastatin Calcium) 5 mg NRN: A4-5402,A4-5402,Drugs,
Crestor 20 mg Tablets,Crestor 20 mg Tablets** Tablet Rosuvastatin (Rosuvastatin Calcium) 20 mg NRN: A4-5404,A4-5404,Drugs,
Czartan 25 Tablets,Czartan 25 Tablets## Tablet Losartan Potassium 25 mg NRN: B4-3978,B4-3978,Drugs,
Czartan 50 Tablets,Czartan 50 Tablets## Tablet Losartan Potassium 50 mg NRN: B4-3977,B4-3977,Drugs,
Debixa-10 Tablets,Debixa-10 Tablets## Tablet Aripiprazole 10 mg NRN: B4-3421,B4-3421,Drugs,
Fluconazole Capsules,Fluconazole Capsules** Capsule Fluconazole 200 mg NRN: B4-5731,B4-5731,Drugs,
Getryl 2 mg Tablets,Getryl 2 mg Tablets## Tablet Glimepiride 2 mg NRN: A4-6223,A4-6223,Drugs,
Glucophage 1000 mg Tablet,Glucophage 1000 mg Tablet** Tablet Metformin Hydrochloride 1000 mg NRN: 04-6234,04-6234,Drugs,
Ibulife,Ibulife## Tablet Ibuprofen 400 mg NRN: B4-3418,B4-3418,Drugs,
Ketamine Hydrochloride Injection BP,Ketamine Hydrochloride Injection BP## Solution for injection Ketamine (Ketamine Hydrochloride) 50 mg/mL NRN: A4-100166,A4-100166,Drugs,
Lisin 10 Tablets,Lisin 10 Tablets## Tablet Lisinopril 10 mg NRN: A4-1528,A4-1528,Drugs,
Lofnac 100 Tablets,Lofnac 100 Tablets## Tablet Diclofenac Sodium 100 mg NRN: 04-7290,04-7290,Drugs,
Megalis 10 Tablets,Megalis 10 Tablets## Tablet Tadalafil 10 mg NRN: B4-4340,B4-4340,Drugs,
Megalis 20 Tablets,Megalis 20 Tablets## Tablet Tadalafil 20 mg NRN: B4-4214,B4-4214,Drugs,
Methocarbamol 500 Tablet,Methocarbamol 500 Tablet** Tablet Methocarbamol 500 mg NRN: A4-100146,A4-100146,Drugs,
Norprazole Capsules,Norprazole Capsules## Capsule Omeprazole 20 mg NRN: B4-5721,B4-5721,Drugs,
Omelife,Omelife## Capsule Omeprazole 20 mg NRN: B4-3353,B4-3353,Drugs,
Prazivin Tablets,Prazivin Tablets## Tablet Praziquantel 600 mg NRN: A4-7769,A4-7769,Drugs,
Ramicard 5.0,Ramicard 5.0## Tablet Ramipril 5 mg NRN: B4-2128,B4-2128,Drugs,
Rosuvastatin Tablets,Rosuvastatin Tablets## Tablet Rosuvastatin (Rosuvastatin Calcium) 10 mg NRN: B4-4591,B4-4591,Drugs,
Sealmet 1000 Tablet,Sealmet 1000 Tablet## Tablet Metformin Hydrochloride 1000 mg NRN: A4-100155,A4-100155,Drugs,
Silamac 100 Tablet,Silamac 100 Tablet## Tablet Sildenafil (Sildenafil Citrate) 100 mg NRN: B4-4546,B4-4546,Drugs,
Spinotone-25 Tablets,Spinotone-25 Tablets## Tablet Spironolactone 25 mg NRN: A4-7782,A4-7782,Drugs,
Spinotone-50 Tablets,Spinotone-50 Tablets## Tablet Spironolactone 50 mg NRN: B4-5201,B4-5201,Drugs,
Stalong 10 mg Tablet,Stalong 10 mg Tablet## Tablet Tadalafil 10 mg NRN: B4-1155,B4-1155,Drugs,
Stalong 20 mg Tablets,Stalong 20 mg Tablets## Tablet Tadalafil 20 mg NRN: B4-1154,B4-1154,Drugs,
Tadalafil 20 mg,Tadalafil 20 mg## Tablet Tadalafil 20 mg NRN: A4-100141,A4-100141,Drugs,
Talibex Ciprofloxacin Tablets,Talibex Ciprofloxacin Tablets## Tablet Ciprofloxacin (Ciprofloxacin Hydrochloride) 500 mg NRN: B4-6686,B4-6686,Drugs,
Telmisartan 40 Tablet,Telmisartan 40 Tablet## Tablet Telmisartan 40 mg NRN: A4-100144,A4-100144,Drugs,
Telmisartan 80 Tablet,Telmisartan 80 Tablet## Tablet Telmisartan 80 mg NRN: A4-100145,A4-100145,Drugs,
Torplatt-75,Torplatt-75## Tablet Clopidogrel (Clopidogrel Bisulfate) 75 mg NRN: B4-5041,B4-5041,Drugs,
Unigyl 200 Tablet,Unigyl 200 Tablet## Tablet Metronidazole 200 mg NRN: 04-8426,04-8426,Drugs,
Unigyl 400 Tablet,Unigyl 400 Tablet## Tablet Metronidazole 400 mg NRN: A11-0330,A11-0330,Drugs,
Valsartil 80 mg Tablets,Valsartil 80 mg Tablets## Tablet Valsartan 80 mg NRN: B4-4097,B4-4097,Drugs,
Zoleric Capsules,Zoleric Capsules# Capsule Esomeprazole (Esomeprazole Magnesium) 20 mg NRN: A4-2862,A4-2862,Drugs,
Zopent Injection,Zopent Injection** Solution for injection Pentazocine (Pentazocine Lactate) 30 mg/mL NRN: A4-5639,A4-5639,Drugs,
