product_name,nrn,label,fake_type
Accesslife Tramadol Capsules,A4-100953,0,nrn_tamper
Lisin10 Tablets,A4-1528,0,name_typo
Actrapid FlexPen 100 IU,A6-0469,0,nrn_tamper
Apitol Caplets Caplet Cyproheptadine Hydrochloride 4,A11-100260,1,genuine
"Verorab Rabies Vaccine, Inactivated",A6-0154,1,genuine
Dolburg 50,A4-9361,0,nrn_tamper
Mixtard 30 vial 100 IU/mL,A6-0071,1,genuine
Poliomyelitis (Live) Vaccine Type I Type III (Human Diploid Cell) Oral,A6-100119,0,nrn_tamper
Actrapid FlexPen 100I U,A6-0449,0,name_typo
Lantus Solution for Injection in a Vial,A6-6109,0,nrn_tamper
Simulect,A6-0405,1,genuine
Talibex Ciprofloxacin Tablets,B4-6686,1,genuine
"Binocrit 2,000 IU/1 mL Solution for Injection in a Pre-Filled Syringe",A6-100113,0,nrn_tamper
Crestor 20 mg Tablets,A4-5404,1,genuine
Meningococcal A Conjugate Vaccine 5 mcg,A6-100067,0,nrn_tamper
Menotsa HP 75,A6-100102,0,name_typo
Erbitux Solution for Infusion,A6-0438,1,genuine
Recombinant Hepatitis B Vaccine 0.5 mL (Pediatric),A3-100103,0,nrn_tamper
Ocrevus,A6-300051,0,nrn_tamper
Wosulin N Suspension for Injection 100 IU/mL Vial,A6-8239,0,nrn_tamper
NovoRapid FlexPen 100 units/mL Solution for Injection in Pre-Filled Pen,A6-0207,1,genuine
Czartan 25 Tablets,B4-3978,1,genuine
Priorix Tetra,A6-0145,1,genuine
Alpen Injection,B4-3655,0,name_typo
Poliomyelitis (Live) Vaccine Type I Type III (Human Dipoid Cell) Oral,A6-100119,0,name_typo
Enspryng Solution for Injection,A6-100128,1,genuine
Rhoclone 300 mcg,A6-0108,0,nrn_tamper
"Binocriit 8,000 IU/0.8 mL Solution for Injection in a Pre-Filled Syringe",A6-100116,0,name_typo
Cika Dexamethhasone Tablets,A11-100226,0,name_typo
Typbar TCV (Typhoid Vi conjugate vaccine),A6-100142,1,genuine
Rhoclone 300 mcg,A6-0138,1,genuine
Trovedol 12.5,B4-3210,0,name_typo
Zarzio 330 MU/0.5 mL,A6-100053,0,name_typo
Talibex Ciprofloxacin Tableets,B4-6686,0,name_typo
Levemir FlexPen,A6-0206,1,genuine
Insulatard FlexPen 100 IU,A6-0450,1,genuine
Sealmet 1000 Tablet,A4-100155,1,genuine
Pasurta 70 mg/mL Solution for Injection in a Prefilled Syringe,A6-100008,1,genuine
Micrera 50 mcg,A6-0121,0,name_typo
Hemlibra 30 mg,A6-100132,1,genuine
Folisurge 75 IU Injection,A6-0509,1,genuine
Enspryng Solution for Injetion,A6-100128,0,name_typo
Engeix B 20 (Adult) Vaccine,A6-0041,0,name_typo
Actrapid 100 IU/mL Vial,A6-0069,1,genuine
Recormon (Epoetin Beta 4000 IU/03.mL),A6-0170,0,nrn_tamper
GONAL-f Injection PPre-Filled Pen 900 IU,A6-0412,0,name_typo
Stamaril Vaccine,A6-0119,0,nrn_tamper
Niimenrix Vaccine,A6-0259,0,name_typo
Glucophage 1000 mg Tabllet,04-6234,0,name_typo
GONAL-f Injection Pe-Filled Pen 300 IU,A6-0410,0,name_typo
Actemra 162 mg,A4-100070,0,nrn_tamper
"MRBEV - Measles and Rubella Vaccine (Live) (Attenuated, Freeze Dried) Five Dose Vial - 5 mL",A6-100191,1,genuine
NovoMix 30 FlexPen 100 U/mL Suspension for Injection in Pre-Filled Pen,A6-0204,1,genuine
Torvedol 6..25,B4-3209,0,name_typo
Tecentriq 840 mg/14 mL,A6-100033,1,genuine
Foliculin 75 HP Inejction,A6-0235,0,name_typo
Adsobred Td Vaccine,A6-100049,0,name_typo
Telmisartan 80 Tablet,A4-190145,0,nrn_tamper
Zopen tInjection,A4-5639,0,name_typo
GARDASIL Suspension for Intramuscular Injection,A6-100120,1,genuine
Wosulin N Suspension for Injection 100 IU/mL Cartridge,A6-0333,1,genuine
Unigyl 200 Tablet,04-1426,0,nrn_tamper
Typbar Vi Capsular Polysacchaaride Typhoid Vaccine,A6-0446,0,name_typo
Recombinant Hepatitis B Vaccine 0.5 mL (Pediatric),A6-100103,1,genuine
Prazivin Tablets,A4-4769,0,nrn_tamper
Pneumosil Vaccine 0.5 mL,A6-100188,1,genuine
Seealmet 1000 Tablet,A4-100155,0,name_typo
Zabdeno suspension for injection,A6-108111,0,nrn_tamper
Caafekris,A11-100335,0,name_typo
"Binocrit 4,000 IU/0.4 mL Solution for Injection in a Pre-Filled Syringe",A6-100115,1,genuine
Priorix Vaccine,A6-0192,0,nrn_tamper
Crestor 5 mg Tablets,A4-5402,1,genuine
Pentabio (DTwP-H-Hib) Vaccine (1 dose),A6-100062,0,name_typo
Vintor 2000 Injection,A6-0077,1,genuine
Simponi 100 mg solution for injection PFP,A6-0574,0,nrn_tamper
Wosulin R Insulin Human Injection,A2-0240,0,nrn_tamper
Actemra 162m g,A6-100070,0,name_typo
AG Spironolactone,A4-100160,1,genuine
Humulin N Injection Vial,A6-0149,1,genuine
Avelox Intravenous Infusion,A4-3293,0,nrn_tamper
Cafekris,A11-110335,0,nrn_tamper
Vaxxitek HVT + IBD Vaccine,A6-0151,1,genuine
Albendazole 200,A11-000325,0,nrn_tamper
AG Spironolactone,A4-150160,0,nrn_tamper
GlucaGen HypKit 1 mg,A6-0445,0,name_typo
Chovastin  10 mg,A4-9757,0,name_typo
Pentabio (DTwP-HB-Hib) Vaccine (1 dose),A6-100162,0,nrn_tamper
TrustMed Tablet,A2-591465,0,fabricated
Vabysmmo,A6-100124,0,name_typo
Menotas HP 150,A6-100103,0,nrn_tamper
Insuget-N NPH (Human Insulin - rDNA Origin) Injection 100 IU/mL,A6-000185,0,nrn_tamper
Actemra 200 mg,A6-100067,0,nrn_tamper
Actemra 162 mg,A6-100070,1,genuine
Aazit Tablets,A4-100147,0,name_typo
Cika Dexamethasone Tablets,A11-100222,0,nrn_tamper
Humulin R Solution for Injeciton in Cartridge,A6-0271,0,name_typo
Vabysmo,A6-100124,1,genuine
Synflorix 4-Dose Vial,A6-0492,1,genuine
Nimenrix Vaccine,A6-0059,0,nrn_tamper
Humalog KwikPen Mix25 Suspension for Injection,A6-0618,1,genuine
Spnotone-25 Tablets,A4-7782,0,name_typo
Mixtard 30 vial 100 IU/mL,A6-0031,0,nrn_tamper
Tresba FlexTouch 100U/mL,A6-0484,0,name_typo
Foliculin 75 HP Injection,A6-0235,1,genuine
Wosulin 30/70 Biphasic Isophane Human Insulin,A6-0138,0,nrn_tamper
Havrix 1440V accine,A6-0444,0,name_typo
Telmisartan & Hydrochlorothiazide Tablets USP,A4-100167,1,genuine
Uniygl 400 Tablet,A11-0330,0,name_typo
Amikacin Injection,BA-0966,0,nrn_tamper
Czartan 25 Tablets,B4-1978,0,nrn_tamper
Humog 510 HP Injection,A6-0233,0,name_typo
Pneumosil Vaccine 2.5 mL,A6-100189,1,genuine
Chovastin 20 mg,A4-9756,1,genuine
Regen-D 60,A6-0032,0,nrn_tamper
Regen-D 60,A6-0032,1,genuine
Humalog KwikPen Mix25 Suspension for Injection,A6-4618,0,nrn_tamper
Folisurge 1200 IU Injection,A6-0510,1,genuine
Norprazole Capsules,B4-5321,0,nrn_tamper
G-Clav Injection,A4-6099,1,genuine
Megalis 20 Tablets,B4-4244,0,nrn_tamper
TypbarV i Capsular Polysaccharide Vaccine 0.5,A6-0146,0,name_typo
Apidra 100 IU/mL Solution for Injection in a Vial,A6-0366,1,genuine
Hemlibra 330 mg,A6-100132,0,name_typo
Wosulin 30/70 Biphasic Isophane Insulin Human Injection,A6-0234,0,nrn_tamper
Tecentriq 840 mg/14 L,A6-100033,0,name_typo
"MRBEV - Measles and Rubella Vaccine (Live) (Attenuated, Freeze Dried) Five Dose Vial - 2.5 mL",A6-100192,1,genuine
NovoSeven 1 mg (50 KIU) powder and solvent for solution for injection,A6-0565,1,genuine
Artemether Injection,A4-7799,0,nrn_tamper
U-Tryp-Injection,A6-0594,0,nrn_tamper
Coxiget 200 mg,B4-1150,0,nrn_tamper
GARDASIL Suspension for Intramuscular Injection,A6-110120,0,nrn_tamper
Cika Doxycycline Capsule,A11-109225,0,nrn_tamper
Getryl 2 mg Tablets,A4-4223,0,nrn_tamper
Marchept (Freeze Dried Live Attenuted),A6-100129,0,name_typo
VitaBoost Capsule,A5-560485,0,fabricated
Elaxim 52.5 Injection,A6-0086,1,genuine
Insulinagypt 70/30 (100 IU/mL) Suspension for Injection in Vial,A6-100130,0,nrn_tamper
Stalong 10 mg Tablet,B4-9155,0,nrn_tamper
Herceptin Solution for Injection (for Subcutaneous Use),A6-0481,1,genuine
Telmisartan 80 Tablet,A4-100145,1,genuine
Tadalafil20 mg,A4-100141,0,name_typo
Fluconazole Capsules,B4-5731,1,genuine
Hanmal,B4-4875,1,genuine
Apitol Tablets,A4-3376,1,genuine
Ibulife,B4-3418,1,genuine
Silamac 100 Tablet,B4-4546,1,genuine
Rotasiil Liquid,A6-100122,1,genuine
Dolbrug 50,A4-9351,0,name_typo
NovoRapid FlexPen 100 units/mL Solution for Injection in Pre-Filled Pen,A1-0207,0,nrn_tamper
Apidra 100 IU/mL Solution for Injection in a Vial,A6-0364,0,nrn_tamper
Avaxim 80 U Pediatric Suspension for Injection in a Prefilled Syrine,A6-0459,0,name_typo
Stalong 10 mg Tablet,B4-1155,1,genuine
Avromal DS Tablets,A4-4532,1,genuine
Tadalafil 20 mg,A4-100941,0,nrn_tamper
Rosuvaastatin Tablets,B4-4591,0,name_typo
Pneumosil Vaccine 0.5 mL,A5-100188,0,nrn_tamper
Lantus SoloStar Solution for Injection in a Pre-Filled Pen,A6-0139,1,genuine
Adsorbed Td Vaccine,A6-105049,0,nrn_tamper
Priorix Vaccine,A6-0192,1,genuine
Afrixime CLV 325 Tablets,B4-4802,1,genuine
Crestor 10 mg Tablets,A4-5453,0,nrn_tamper
MabThra 100 mg Concentrate for Solution for Infusion,A6-0266,0,name_typo
Zoleric CCapsules,A4-2862,0,name_typo
Candesartan 16 mg Tables,B4-5707,0,name_typo
Albendazole 200,A11-100325,1,genuine
Acizip-100 Tablets Tablet Acclofenac 100 mg,B4-4804,0,name_typo
Mircera 7 mcg,A6-0106,0,name_typo
Lantus oSloStar Solution for Injection in a Pre-Filled Pen,A6-0139,0,name_typo
Humalog 100 U/mL KwikPen Solution for Injection,A6-0617,1,genuine
Crestor 10 mg Tablets,A4-5403,1,genuine
Tetanus Antitoxin (Equine) for Human Use Injection,A4-100064,0,nrn_tamper
Ocrevus,A6-100051,1,genuine
Acizip-100 Tablets Tablet Aceclofenac 100 mg,B6-4804,0,nrn_tamper
Saxenda 6 mg/mL Solution for Injection in Pre-filled Pen,A6-100004,1,genuine
Simponi Solution for Injection in Prefilled Pen,A6-100194,0,nrn_tamper
Lofnac 100 Tablets,04-7290,1,genuine
Avromal DS Tablets,A4-4532,0,nrn_tamper
Kadcyla Powder ofr Concentrate for Solution for Infusion 160 mg,A6-100105,0,name_typo
AciguardAntacid Suspension,04-4753,0,name_typo
Revac-B 10 mL Multi-dose,A6-0406,0,nrn_tamper
Rabisin Suspension for Injection,A6-0035,0,nrn_tamper
Acyclovir Ointment,A11-100229,0,nrn_tamper
Simulect,A6-0435,0,nrn_tamper
Revac-B 1 mL Single Dose,A6-0147,1,genuine
Mvabea suspension for injection,A6-700118,0,nrn_tamper
Crestor 5 mg Tablets,A4-5402,0,nrn_tamper
Foliculin 150 HP Ijnection,A6-0236,0,name_typo
Methocarbamol 500 Tablet,A4-100146,1,genuine
Rosuvastatin Tablets,B4-4511,0,nrn_tamper
"MRBEV - Measles and Rubella Vaccine (Live) (Attenuated, Freeze Dried) Five Dose Vial - 5 mL",A6-108191,0,nrn_tamper
Tresiba FlexTouch 100U/mL,A6-0784,0,nrn_tamper
Agcef Tablet,A4-100138,1,genuine
G-Clav Injection,A4-6090,0,nrn_tamper
Cikagyl 400 Tablet,A11-100255,1,genuine
Stalong 20 mg Tablets,B4-1154,0,nrn_tamper
U-Tryp-Injection,A6-0544,1,genuine
Torplatt-75,B3-5041,0,nrn_tamper
Pentabio (DTwP-HB-Hib) Vaccine (5 dose),A6-100069,1,genuine
Erbittux Solution for Infusion,A6-0438,0,name_typo
Spinotone-50 Tablets,B4-5201,1,genuine
Afrixime CLV 325 Tablets,B4-4808,0,nrn_tamper
Adaacel Polio Vaccine,A6-100058,0,name_typo
Crestor 10 mg Tabletts,A4-5403,0,name_typo
Ovitrelle 250 micorgrams Solution for Injection in Prefilled Syringe,A6-0437,0,name_typo
Glucophage 1000 mg Tablet,04-6234,1,genuine
Zopent Injection,A4-4639,0,nrn_tamper
Mircera 50 mcg,A6-3121,0,nrn_tamper
Zabdeno suspension  for injection,A6-100111,0,name_typo
Basagine Injection 100 units/mL,A6-100590,0,nrn_tamper
Amlodipine Tablets,A11-0275,1,genuine
Tetanus Antitoxin (Equine) for Human Use Injection,A6-100064,1,genuine
Crestor 20 g Tablets,A4-5404,0,name_typo
Mircera 75 mcg,A6-0106,1,genuine
Meningococcal A ConjugateVaccine 5 mcg,A6-100060,0,name_typo
Prazivin Tablets,A4-7769,1,genuine
HuCog 5000 HP Injection,A6-0234,1,genuine
MenQuadfi Vacine,A6-100059,0,name_typo
Kadcyla Powder for Concentrate for Solution for Infusion 100 mg,A6-0506,1,genuine
Mvabea suspension forinjection,A6-100118,0,name_typo
Mixtard 30 vila 100 IU/mL,A6-0071,0,name_typo
Herceptin Solution for Injection (for Subcutaneous Use),A6-0381,0,nrn_tamper
MiracleVax Injection,A8-174637,0,fabricated
Megalis 10 Tablets,B4-4340,1,genuine
Elaxim-40,A6-0085,1,genuine
Tetanus Antittoxin (Equine) for Human Use Injection,A6-100064,0,name_typo
GOONAL-f Injection Pre-Filled Pen 450 IU,A6-0411,0,name_typo
Torvedol 6.25,B9-3209,0,nrn_tamper
Coxigt 400 mg,B4-6149,0,name_typo
Zarzio 30 MU/0.5 mL,A0-100053,0,nrn_tamper
Spinotone-25 Tablets,A4-7782,1,genuine
Megalis2 0 Tablets,B4-4214,0,name_typo
Apidra 100 IU/mL Solution for Injectionin a Vial,A6-0366,0,name_typo
Ovitrelle 250 micrograms Solution for Injection in Prefilled Syringe,A6-0467,0,nrn_tamper
Stalong 20 mg Tablets,B4-1154,1,genuine
Aciguard Antacid Suspension,04-4753,1,genuine
Reavc-B 10 mL Multi-dose,A6-0456,0,name_typo
Zarzio 4 MU/0.5 mL,A6-100055,0,name_typo
Simponi Solution ofr Injection in Prefilled Pen,A6-100193,0,name_typo
MenQuadfi Vaccine,A6-200059,0,nrn_tamper
Agcef Tablet,A4-100168,0,nrn_tamper
Lofnaac 100 Tablets,04-7290,0,name_typo
GONAL-f Injection Pre-Filled Pen 900 IU,A6-0112,0,nrn_tamper
Methocarbamol 500 Tablet,A4-100446,0,nrn_tamper
Agazit Tablets,A4-100947,0,nrn_tamper
Crestor 5 mg Tabelts,A4-5402,0,name_typo
Ramicard 5.0,B4-2124,0,nrn_tamper
Pagenax 120 mg/mL Solution for Injection,A6-100170,0,nrn_tamper
Betaglip Tablets,A4-9936,0,nrn_tamper
Lantus SoloStar Solution for Injection in a Pre-Filled Pen,A6-0130,0,nrn_tamper
Avaxim 80 U Pediatric Suspension for Injection in a Prefilled Syringe,A6-0459,1,genuine
Axcel Cefuroxime-250 Capsule,A4-2996,1,genuine
Mendz Meningitis Vaccine,A6-100137,0,name_typo
Tetraxim Vaccine Suspension for Injection in Prefilld Syringe,A6-0153,0,name_typo
Debixa-10T ablets,B4-3421,0,name_typo
Dolburg 50,A4-9351,1,genuine
Saxenda 6 mg/mL Solution for Injection in Pre-filled Pen,A6-100104,0,nrn_tamper
MabThera 1400 mg Solution for Subcutaneous Injection,A6-0305,0,nrn_tamper
Actrapid FlexPen 100 IU,A6-0449,1,genuine
Hemlibra 30 mg,A9-100132,0,nrn_tamper
Stlaong 10 mg Tablet,B4-1155,0,name_typo
Valsartil 80 mg Tablets,B6-4097,0,nrn_tamper
Acgef Tablet,A4-100138,0,name_typo
Torvedol 12.5,B4-3260,0,nrn_tamper
Cervarx Vaccine,A6-0012,0,name_typo
Remiade,A6-0490,0,name_typo
Rosuvastatin Tablets,B4-4591,1,genuine
Getryl 2 mg Tablets,A4-6223,1,genuine
Debixa-10 Tablets,B4-3471,0,nrn_tamper
Stalong 20m g Tablets,B4-1154,0,name_typo
Aciguard Antacid Suspension,04-4753,0,nrn_tamper
QuickFix Antibiotic,A4-545790,0,fabricated
HuCog 5000 HP Injectiion,A6-0234,0,name_typo
Zarzio 48 MU/0.5 mL,A3-100055,0,nrn_tamper
Insulinagypt 70/30 (100 IU/mL) Suspension for Injection in Vial,A6-100136,1,genuine
Lantus Solution for Injection ina Vial,A6-0109,0,name_typo
Rotarix Oral Suspnesion Applicator,A6-0136,0,name_typo
Unigyl 400 Tablet,A11-0330,1,genuine
Phesgo 1200 mg/600 mg/15 mL,A6-130063,0,nrn_tamper
Menactra Vaccine,A6-0405,0,nrn_tamper
Humulin R Solution for Injection in Cartridge,A6-0273,0,nrn_tamper
Torplatt-75,B4-5041,1,genuine
Polio Sabin Bivalent Oral Poilomyelitis Vaccine Types 1 and 3 (BOPV),A6-0082,0,name_typo
LantusS olution for Injection in a Cartridge,A6-0110,0,name_typo
Crestor 20 mg Tablets,A4-5404,0,nrn_tamper
Simponi 100 mg solution ofr injection PFP,A6-0474,0,name_typo
Omelife,B4-3353,1,genuine
Chorionic Gonadotropin for Injection USP 5000 IU,A6-100921,0,nrn_tamper
InstaHeal Suspension,A4-779094,0,fabricated
Mabthera 500 mg Concentrate for Solution for Infusion,A6-0105,0,nrn_tamper
Coxiget 400 mg,B4-7149,0,nrn_tamper
Cervarix Vaccine,A6-0012,1,genuine
Accesslife Tramadol Capsules,A4-100153,1,genuine
Cikagyl 400 Tablet,A11-100295,0,nrn_tamper
Aiptol Tablets,A4-3376,0,name_typo
Tecentriq 1200 mg/2 mL,A6-100034,0,name_typo
Herceptin Soluttion for Injection (for Subcutaneous Use),A6-0481,0,name_typo
Menactra Vaccine,A6-0407,1,genuine
Hemlibra 60 mg,A6-100133,1,genuine
Adsorbed Tetanus Toxoid Vaccie,A6-0201,0,name_typo
Humog 150 HP Injection,A6-0203,0,nrn_tamper
Tecentriq 1200 mg/20 mL,A1-100034,0,nrn_tamper
Rabisin Suspension for Injection,A6-0065,1,genuine
Phesgo 1200 mg/600 mg/15 mL,A6-100063,1,genuine
Elaxim-40,A0-0085,0,nrn_tamper
Omeilfe,B4-3353,0,name_typo
NovoSeven 2 gm (100 KIU) powder and solvent for solution for injection,A6-0566,0,name_typo
Acyclovir Ointment,A11-100249,1,genuine
Wosulin 30/70 Bihasic Isophane Insulin Human Injection,A6-0334,0,name_typo
Humog 150 HP Injection,A6-0233,1,genuine
Wosulin N Suspension for Injection 100 IU/m Vial,A6-0239,0,name_typo
Avaxim 160 U Vaccine,A6-100175,1,genuine
Kadcyla Powder for Concentate for Solution for Infusion 100 mg,A6-0506,0,name_typo
Avastin 100 mg,A6-0123,1,genuine
Foliculin 150 HP Injection,A6-0236,1,genuine
Silamac 100 Tablt,B4-4546,0,name_typo
Mircera 50 mcg,A6-0121,1,genuine
Getryl 2mg Tablets,A4-6223,0,name_typo
"Pneubevax 14, 2.5 mL Suspension for injection Pneummococcal",A6-100196,0,name_typo
Tiwnrix Junior Vaccine,A6-0190,0,name_typo
Mendoz Meningitis Vaccine,A6-100137,1,genuine
Betavate C ream,A4-5126,0,name_typo
Eylea 40 mg/mL Solution for Injection,A6-0511,1,genuine
"Binocrit 8,000 IU/0.8 mL Solution for Injection in a Pre-Filled Syringe",A6-100116,0,nrn_tamper
Varirid vaccine,A6-100127,0,nrn_tamper
Poliomyelitis (Live) Vaccine Type I Type III (Human Diploid Cell) Oral,A6-100119,1,genuine
Humog 75 HP,A6-0632,0,nrn_tamper
Pentabio (DTwP-HB-Hib) Vaccine (1 dose),A6-100062,1,genuine
Tetraxim Vaccine Suspension for Injection in Prefilled Syringe,A6-0158,0,nrn_tamper
Typbar Vi Capsular Polysaccharide Vaccine 0.5,A6-0146,1,genuine
Perjeta 420 mg Concentrate for Solution or Infusion,A6-0526,0,name_typo
AG Sironolactone,A4-100160,0,name_typo
Remicade,A6-0493,0,nrn_tamper
"Binocrit 100,00 IU/1 mL Solution for Injection in A Pre-Filled Syringe",A6-100117,0,name_typo
Omelife,B4-3053,0,nrn_tamper
Toorplatt-75,B4-5041,0,name_typo
Humalog KwikPen Mx25 Suspension for Injection,A6-0618,0,name_typo
Eylea 4 mg/mL Solution for Injection,A6-0511,0,name_typo
Telmisartan 40 Tablet,A4-100144,1,genuine
Humog 75 HP,A6-0232,1,genuine
Levemir FlexPen 100 Units/mL Solution for Injection in Pre-filled Pen,A6-0306,0,nrn_tamper
Tresiba FlexTouch 100U/mL,A6-0484,1,genuine
Poliomyelitis vaccine (Inactivated),A6-100090,1,genuine
Ketamine Hydrochloride Injection BP,A4-100176,0,nrn_tamper
Stamaril Vaccinne,A6-0112,0,name_typo
Shan IPV (Inactivated Poliomyelitis Vaccine),A6-102057,0,nrn_tamper
Regen-D 150,A6-0033,1,genuine
RegenD 150,A6-0033,0,name_typo
Silmen-5,A6-100154,0,nrn_tamper
"Binocrit 10,000 IU/1 mL Solution for Injection in A Pre-Filled Syringe",A6-100117,1,genuine
Rotasiil Liquid,A6-200122,0,nrn_tamper
Norprazole Capsules,B4-5721,1,genuine
Coxigt 200 mg,B4-6150,0,name_typo
Rebif  44 Micrograms Solution for Injection,A6-100135,0,name_typo
Ceftran For Injection,B4-5204,1,genuine
"Binocrit 10,000 IU/1 mL Solution for Injection in A Pre-Filled Syringe",A9-100117,0,nrn_tamper
Crestor 40 mg Tablets,A4-5405,1,genuine
Lantus Solution for Injection in a Cartridge,A6-0110,1,genuine
Zoleric Capsules,A4-2867,0,nrn_tamper
Cestor 40 mg Tablets,A4-5405,0,name_typo
Telmisartan 80 Tablt,A4-100145,0,name_typo
Mircera 75 mcg,A6-6106,0,nrn_tamper
Cervarix Vaccine,A6-3012,0,nrn_tamper
Albndazole 200,A11-100325,0,name_typo
Poliomyelitis Vaccine (Oral) Bivalent Type 1 and 3,A6-0253,1,genuine
Kadcyla Powder for Concentrate for Solution for Infusion 160 mg,A6-100105,1,genuine
Chovastin 10 mg,A4-9057,0,nrn_tamper
Varirid vaccine,A6-100126,1,genuine
Lisin 10 Tablets,A4-1528,1,genuine
Recormon (Eppoetin Beta 4000 IU/03.mL),A6-0120,0,name_typo
"MRBEV - Measles and Rubella Vaccine (Live) (Attenuated, Freeze Dried) Five Dose Vial - 2.5 mL",A6-900192,0,nrn_tamper
Pneumosil Vaccine 2.5 mL,A6-100139,0,nrn_tamper
Poliomyelitis vaccine (Inactivated),A6-100060,0,nrn_tamper
Menotas HP 1150,A6-100101,0,name_typo
Actemra 80 mg,A6-100068,1,genuine
Rmaicard 5.0,B4-2128,0,name_typo
Menotas HP 75,A6-100102,1,genuine
GONAL-f Injection Pre-Filled Pen 450 IU,A6-0811,0,nrn_tamper
Axcel Cephalexin-500 Capsule,A4-3150,0,nrn_tamper
Pagenax 120 mg/mL Solution for Ijection,A6-100100,0,name_typo
Axcel Cefuroxime-250 Capsule,A4-2991,0,nrn_tamper
Engerix B 20 (Adult) Vaccine,A6-0041,1,genuine
NovoRapid FlexPen 100 units/mL Solution for Injection i nPre-Filled Pen,A6-0207,0,name_typo
Mabthera 500 mg Concentrate for Solution for Infusion,A6-0104,1,genuine
Hexaxim Vaccine,A6-0347,0,nrn_tamper
Methocarbamol 500 Taablet,A4-100146,0,name_typo
Chovastin 10 mg,A4-9757,1,genuine
Vintor 2000 Injection,A1-0077,0,nrn_tamper
Pasurta 140 mg/mL Solution for Inection in a Prefilled Syringe,A6-100009,0,name_typo
Actemra 80 gm,A6-100068,0,name_typo
Ibuliffe,B4-3418,0,name_typo
NovoSeven 1 mg (50 KIU) powder and solvent for solution for injection,A6-0565,0,nrn_tamper
U-Tryp-Injction,A6-0544,0,name_typo
Rebif 44 Micrograms Solution for Injection,A6-100105,0,nrn_tamper
Candesartan 8 mg Tablets,B4-5705,1,genuine
Artheget ZE,A4-6238,0,name_typo
Adsorbed Td Vaccine,A6-100049,1,genuine
Poliomyelitis Vaccine (Oral) Bivalent Type 1 and 3,A6-8253,0,nrn_tamper
Basagine Injection 100 units/mL,A6-100190,1,genuine
Varilrix Vaccine,A6-0191,1,genuine
Fluconazole Capusles,B4-5731,0,name_typo
Priorix Tetra,A6-0145,0,nrn_tamper
Rhhoclone 300 mcg,A6-0138,0,name_typo
MabThera 1400 mg Solution for Subcutanneous Injection,A6-0505,0,name_typo
Debixa-10 Tablets,B4-3421,1,genuine
Phesgo 600 mg/600 mg/10 mL,A6-100047,0,name_typo
Megalis 10 Tablets,B4-4342,0,nrn_tamper
Telmisartan & Hydrochlorohiazide Tablets USP,A4-100167,0,name_typo
Insuget 70/30 (Human Insulin - rDNA Origin) Injection 100 IU/mL,A6-100184,1,genuine
"Pneubevax 14, 2.5 mL Suspension for injection Pneumococcal",A6-103196,0,nrn_tamper
Meningococcal A Conjugate Vaccine 5 mcg,A6-100060,1,genuine
GONAL-f Injection Pre-Filled Pen 450 IU,A6-0411,1,genuine
Amlodipine Tablets,A11-1275,0,nrn_tamper
Chorionic Gonadotropin for Injection USP 5000 IU,A6-100121,1,genuine
"Veroraab Rabies Vaccine, Inactivated",A6-0154,0,name_typo
Alpent Injection,B4-3655,1,genuine
NovoMix 30 FlexPen 100 U/mL Suspension for Injection in Pre-Fille Pen,A6-0204,0,name_typo
Priiorix Tetra,A6-0145,0,name_typo
"Verorab Rabies Vaccine, Inactivated",A6-8154,0,nrn_tamper
Levemir FlexxPen,A6-0206,0,name_typo
Ovitrelle 250 micrograms Solution for Injection in Prefilled Syringe,A6-0437,1,genuine
Hexaxim Vaccine,A6-0447,1,genuine
Ceftran For Injection,B4-5104,0,nrn_tamper
ForteMed Tablet,A3-378535,0,fabricated
PowerHeal Capsule,A4-377405,0,fabricated
Candesartan 16 mg Tablets,B4-5707,1,genuine
Ryzodeg FlexTouch 100 U/mL,A6-7489,0,nrn_tamper
Avaxim 80 U Pediatric Suspension for Injection in a Prefilled Syringe,A6-0359,0,nrn_tamper
Mitxard 30 FlexPen 100IU,A6-0448,0,name_typo
SII Td-Va Vaccine,A6-100195,0,name_typo
Wosulin 30/70 Biphasic Isophane Human Insulin,A6-0238,1,genuine
Megalis 20 Tablets,B4-4214,1,genuine
Revac-B 1 mL Single Dose,A6-0147,0,nrn_tamper
Acizip-100 Tablets Tablet Aceclofenac 100 mg,B4-4804,1,genuine
Pneumosil Vaccine  2.5 mL,A6-100189,0,name_typo
Vintor 4000 Injections,A6-0076,1,genuine
Rotavac 2.5 mL Multi-dose,A6-100141,1,genuine
Lantus Solution for Injection in a Cartridge,A6-6110,0,nrn_tamper
Cafekris,A11-100335,1,genuine
Typbar TCV (Typhoid Vi conjugate vaccine),A6-100742,0,nrn_tamper
Simponi 100 mg solution for injection PFP,A6-0474,1,genuine
Tadalafil 20 mg,A4-100141,1,genuine
Hexaxim Vacccine,A6-0447,0,name_typo
Avelox Intravenous Infsuion,A4-3297,0,name_typo
Ryzodeg FlexTouch 100 U/mL,A6-0489,1,genuine
PureLife Injection,A1-273982,0,fabricated
Avxim 160 U Vaccine,A6-100175,0,name_typo
Humulin R Solution for Injection in Cartridge,A6-0271,1,genuine
Insulatard lexPen 100 IU,A6-0450,0,name_typo
Crushmal,A4-100121,0,nrn_tamper
Silmen--5,A6-100157,0,name_typo
Candesartan 16 mg Tablets,B4-5701,0,nrn_tamper
Alpent Injection,B4-3355,0,nrn_tamper
G-Clav Ijnection,A4-6099,0,name_typo
Rotvac 2.5 mL Multi-dose,A6-100141,0,name_typo
Betaglip Tbalets,A4-9236,0,name_typo
Hemmlibra 60 mg,A6-100133,0,name_typo
Telmisartan 4 Tablet,A4-100144,0,name_typo
Hemlbira 150 mg,A6-100134,0,name_typo
Silmen-5,A6-100157,1,genuine
Amikacin Injecton,BA-0906,0,name_typo
Menotas HP 150,A6-100101,1,genuine
Avelox Intravenous Infusion,A4-3297,1,genuine
Silamac 100 Tablet,B4-4246,0,nrn_tamper
Norparzole Capsules,B4-5721,0,name_typo
Insuget-R Regular (Human Insulin - rDNA Origin) Injection 100 IU/mL,A6-100186,1,genuine
Elaxim 52.5 Injeection,A6-0086,0,name_typo
"Binocrit 4,000 IU/0.4 mL Solution for Injection in aP re-Filled Syringe",A6-100115,0,name_typo
RotasiilLiquid,A6-100122,0,name_typo
Insuget-R Regular (Human nsulin - rDNA Origin) Injection 100 IU/mL,A6-100186,0,name_typo
Menotas HP 75,A6-100101,0,nrn_tamper
HibPro Haemophilus Influenzae Type B Conjugate Vaccine,A6-0900,0,nrn_tamper
Havrix 1440 Vaccine,A6-0444,0,nrn_tamper
Meningococcal A Conjugate Vaccine 10 mcg,A0-100061,0,nrn_tamper
GONAL-f Injection Pre-Filled Pen 300 IU,A6-7410,0,nrn_tamper
Apitol Tablets,A4-0376,0,nrn_tamper
MabThera 1400 mg Solution for Subcutaneous Injection,A6-0505,1,genuine
Revac-B 1 L Single Dose,A6-0147,0,name_typo
"Binocrit 4,000 IU/0.4 mL Solution for Injection in a Pre-Filled Syringe",A6-100315,0,nrn_tamper
Chorionic  Gonadotropin for Injection USP 5000 IU,A6-100121,0,name_typo
RapidCure Solution,A5-723948,0,fabricated
Betavate C Cream,A4-5136,0,nrn_tamper
Polio Sabin Bivalent Oral Poliomyelitis Vaccine Types 1 and 3 (BOPV),A6-0082,1,genuine
Meningococcal A Conjugate Vaccine 10 mcg,A6-100061,1,genuine
Czartan 50 Tablets,B4-3977,1,genuine
Spinotone-50 Tablets,B4-5211,0,nrn_tamper
Candesartan 8 mg Talbets,B4-5705,0,name_typo
Rotarix Oral Suspension Applicator,A6-0136,1,genuine
Pneumosil Vacine 0.5 mL,A6-100188,0,name_typo
Erbitux Solution for Infusion,A6-0458,0,nrn_tamper
Avastin 400 mg/16 mL,A6-0101,1,genuine
MeningococcalA  Conjugate Vaccine 10 mcg,A6-100061,0,name_typo
Axcel Cephalexin-500 Capsule,A4-3050,1,genuine
Vabysmo,A6-190124,0,nrn_tamper
Chovastn 20 mg,A4-9756,0,name_typo
Tecentriq 1200 mg/20 mL,A6-100034,1,genuine
Rebif 44 Micrograms Solution for Injection,A6-100135,1,genuine
PriorixV accine,A6-0192,0,name_typo
Mixtard 30 FlexPen 100IU,A6-0248,0,nrn_tamper
Coxiget 400 mg,B4-6149,1,genuine
Mvabea suspension for injection,A6-100118,1,genuine
"Pneubevax 14, 2.5 mL Suspension for injection Pneumococcal",A6-100196,1,genuine
NovoMix 30 FlexPen 100 U/mL Suspension for Injection in Pre-Filled Pen,A6-0004,0,nrn_tamper
Zoleric Capsules,A4-2862,1,genuine
Perjeta 420 mg Concentrate for Solution for Infusion,A6-0526,1,genuine
NovoSeven 1 mg (50 KIU) powder and sollvent for solution for injection,A6-0565,0,name_typo
Ramicard 5.0,B4-2128,1,genuine
Perjeta 420 mg Concentrate for Solution for Infusion,A4-0526,0,nrn_tamper
Vintor 4000 Injetcions,A6-0076,0,name_typo
Simponi Solution for Injection in Prefilled Pen,A6-100193,1,genuine
Avastin 400 mg/16mL,A6-0101,0,name_typo
MedPlus Extra Tablet,A9-666211,0,fabricated
Avromal DS Tableets,A4-4532,0,name_typo
Lisin 10 Tablets,A4-1328,0,nrn_tamper
Adacel Polio Vaccine,A6-100058,1,genuine
Torvedol 12.5,B4-3210,1,genuine
Artheget EZ,A4-2238,0,nrn_tamper
Twinrix Junior Vaccine,A6-0290,0,nrn_tamper
Havrix 1440 Vaccine,A6-0444,1,genuine
Menacttra Vaccine,A6-0407,0,name_typo
Insuget-R Regular (Human Insulin - rDNA Origin) Injection 100 IU/mL,A6-140186,0,nrn_tamper
Engerix B 20 (Adult) Vaccine,A8-0041,0,nrn_tamper
Crestor 40 mg Tablets,A4-5205,0,nrn_tamper
Acterma 200 mg,A6-100067,0,name_typo
MenQuadfi Vaccine,A6-100059,1,genuine
Vaxxitek HVT + IB Vaccine,A6-0151,0,name_typo
Synflorix 4-Dose Vial,A6-8492,0,nrn_tamper
Folisurge 75 IU Ijnection,A6-0509,0,name_typo
"Binocrit 2,000 IU/1 mL Solution for Injection in a Pre-Filled Syringe",A6-100114,1,genuine
Valasrtil 80 mg Tablets,B4-4097,0,name_typo
Amikacin Injection,BA-0906,1,genuine
Betaglip Tablets,A4-9236,1,genuine
Spiotone-50 Tablets,B4-5201,0,name_typo
Varilrix Vaccine,A6-6191,0,nrn_tamper
Tetraxim Vaccine Suspension for Injection in Prefilled Syringe,A6-0153,1,genuine
Atcrapid 100 IU/mL Vial,A6-0069,0,name_typo
Phesg o1200 mg/600 mg/15 mL,A6-100063,0,name_typo
Rabisi Suspension for Injection,A6-0065,0,name_typo
Actemra 80 mg,A6-100066,0,nrn_tamper
Wosulin N Suspension for Injection 100 IU/mL Vial,A6-0239,1,genuine
Humulin N Injection Vial,A6-0149,0,nrn_tamper
Humulin N Cartridges,A6-0270,1,genuine
Fluconazole Capsules,B4-5731,0,nrn_tamper
Avastin 100 mg,A8-0123,0,nrn_tamper
Agazit Tablets,A4-100147,1,genuine
HuCog 5000 HP Injection,A6-3234,0,nrn_tamper
Acyclovir Oiintment,A11-100249,0,name_typo
Mixtard 30 FlexPen 100IU,A6-0448,1,genuine
Foliculin 75 HP Injection,A6-0935,0,nrn_tamper
Wosulin R Insulin Human Injection Cartridge,A6-0335,1,genuine
Valsartil 80 mg Tablets,B4-4097,1,genuine
Glucophage 1000 mg Tablet,04-7234,0,nrn_tamper
Actemra 400 mg,A6-100166,0,nrn_tamper
Lantus Solution for Injection in a Vial,A6-0109,1,genuine
GONAL-f Injection Pre-Filled Pen 900 IU,A6-0412,1,genuine
"MRBEV - Measles and Rubella Vaccine (Live) (Attenuated, Freeze Dried) Five Dose Vial - 22.5 mL",A6-100192,0,name_typo
GlucaGen HypoKit 1 mg,A6-0445,0,nrn_tamper
Follisurge 1200 IU Injection,A6-0510,0,name_typo
SII Td-Vac Vaccine,A4-100195,0,nrn_tamper
Regen-D 150,A6-0733,0,nrn_tamper
GenCure Injection,A5-833723,0,fabricated
Elaxm-40,A6-0085,0,name_typo
Phesgo 600 mg/600 mg/10 mL,A5-100047,0,nrn_tamper
GARDASIL Suspennsion for Intramuscular Injection,A6-100120,0,name_typo
Tecentriq 840 mg/14 mL,A6-150033,0,nrn_tamper
Nimenrix Vaccine,A6-0259,1,genuine
Crushmal,A4-100161,1,genuine
Wosulin R Insulin Human Injection aCrtridge,A6-0335,0,name_typo
Marchept (Freeze Dried Live Attenuated),A6-100129,1,genuine
Zarzio 48 MU/0.5 mL,A6-100055,1,genuine
Cika Doxycyclien Capsule,A11-100225,0,name_typo
Avastin 400 mg/16 mL,A6-0107,0,nrn_tamper
Afrixime CLV 32 5Tablets,B4-4802,0,name_typo
Adsorbed Tetanus Toxoid Vaccine,A6-3201,0,nrn_tamper
Zabdeno suspension for injection,A6-100111,1,genuine
Recombinant Heptaitis B Vaccine 1.0 mL (Adult),A6-100104,0,name_typo
NovoSeven 2 mg (100 KIU) powder and solvent for solution for injection,A6-0366,0,nrn_tamper
Pasurta 140 mg/mL Solution for Injection in a Prefilled Syringe,A6-100009,1,genuine
Sealmet 1000 Tablet,A4-170155,0,nrn_tamper
Spinotone-25 Tablets,A4-7712,0,nrn_tamper
SII Td-Vac Vaccine,A6-100195,1,genuine
"Binocrit 22,000 IU/1 mL Solution for Injection in a Pre-Filled Syringe",A6-100114,0,name_typo
Folisurge 1200 IU Injection,A6-0580,0,nrn_tamper
Rotarix Oral Suspension Tube,A6-4458,0,nrn_tamper
Vintor 20000 Injection,A6-0077,0,name_typo
GlucaGen HypoKit 1 mg,A6-0445,1,genuine
Wosulin R Insulin Human Injection Cartridge,A6-0334,0,nrn_tamper
Actemra 400  mg,A6-100066,0,name_typo
BioShield Vaccine,A3-174878,0,fabricated
Amlodipin Tablets,A11-0275,0,name_typo
Polio Sabin Bivalent Oral Poliomyelitis Vaccine Types 1 and 3 (BOPV),A6-0089,0,nrn_tamper
Cika Doxycycline Capsule,A11-100225,1,genuine
Humuliin N Cartridges,A6-0270,0,name_typo
Insuget 70/30 (Human Insulin - rDNA Origin) Injection 100 IU/mL,A6-140184,0,nrn_tamper
Adacel Polio Vaccine,A6-100088,0,nrn_tamper
Hanmal,B4-4865,0,nrn_tamper
Megallis 10 Tablets,B4-4340,0,name_typo
Recombinant Hepatitis B Vaccine 1.0 mL (Adult),A6-100104,0,nrn_tamper
Varirid avccine,A6-100126,0,name_typo
Pasurta 70 mg/mL Soluion for Injection in a Prefilled Syringe,A6-100008,0,name_typo
Crshmal,A4-100161,0,name_typo
Humoog 75 HP,A6-0232,0,name_typo
Recormon (Epoetin Beta 4000 IU/03.mL),A6-0120,1,genuine
"MRBEV - Measles and Rubella Vaccine (Live) (Attenuated, Freeze Dried) Fiv Dose Vial - 5 mL",A6-100191,0,name_typo
Artemteher Injection,A4-8799,0,name_typo
Super Cure Tablet,A5-837135,0,fabricated
Avastin 100 mg,A6-0123,0,name_typo
Ocevus,A6-100051,0,name_typo
Actemra 400 mg,A6-100066,1,genuine
Ketamine HydrochlorideInjection BP,A4-100166,0,name_typo
Pentabio (DTwP-HB-Hib) Vaccine(5 dose),A6-100069,0,name_typo
Hemlibra 60 mg,A6-400133,0,nrn_tamper
Humalog 100 U/mL KwikPen Solution for Injection,A8-0617,0,nrn_tamper
Kadcyla Powder for Concentrate for Solution for Infusion 160 mg,A6-100105,0,nrn_tamper
Revac-B 10 mL Multi-dose,A6-0456,1,genuine
NovoSeven 2 mg (100 KIU) powder and solvent for solution for injection,A6-0566,1,genuine
Pentabio (DTwP-HB-Hib) Vaccine (5 dose),A6-100099,0,nrn_tamper
Ceftran For Injjection,B4-5204,0,name_typo
Coxiget 200 mg,B4-6150,1,genuine
Folisurge 75 IU Injection,A8-0509,0,nrn_tamper
Shan IPV (Inactivated Poliomyelitis Vaccine),A6-100057,1,genuine
Czartan 550 Tablets,B4-3977,0,name_typo
Insuget-N NPH (Human Insulin - rDNA Origin) Injection1 00 IU/mL,A6-100185,0,name_typo
Varilirx Vaccine,A6-0191,0,name_typo
Rotarix Oral SSuspension Tube,A6-0458,0,name_typo
Pasurta 140 mg/mL Solution for Injection in a Prefilled Syringe,A6-100069,0,nrn_tamper
HibPro Haeophilus Influenzae Type B Conjugate Vaccine,A6-0200,0,name_typo
Insulinagypt 70/30 (100 IU/mL) Suspension fo Injection in Vial,A6-100136,0,name_typo
Poliomyelitis  vaccine (Inactivated),A6-100090,0,name_typo
Typbar Vi Capsular Polysaccharide Vaccine 0.5,A2-0146,0,nrn_tamper
Lofnac 100 Tablets,05-7290,0,nrn_tamper
Artheget EZ,A4-6238,1,genuine
Twinrix Junior Vaccine,A6-0190,1,genuine
MabThera 100 mg Concentrate for Solution for Infusion,A6-0866,0,nrn_tamper
Insuget-N NPH (Human Insulin - rDNA Origin) Injection 100 IU/mL,A6-100185,1,genuine
Unigyl 200 Tablet,04-8426,1,genuine
HibPro Haemophilus Influenzae Type B Conjugate Vaccine,A6-0200,1,genuine
Wosulin N Suspension for Injecction 100 IU/mL Cartridge,A6-0333,0,name_typo
Accesslife Tramadol Capsuules,A4-100153,0,name_typo
Zarzio 30 MU/0.5 mL,A6-100053,1,genuine
S-Flox,A4-3484,0,nrn_tamper
Hemlibra 150 mg,A6-120134,0,nrn_tamper
Torvedol 6.25,B4-3209,1,genuine
Syynflorix 4-Dose Vial,A6-0492,0,name_typo
Cikagyl 400 Tablt,A11-100255,0,name_typo
Typbar Vi Capsular Polysaccharide Typhoid Vaccine,A6-0446,1,genuine
Rotarix Oral Suspension Tube,A6-0458,1,genuine
Pasurta 70 mg/mL Solution for Injection in a Prefilled Syringe,A6-100048,0,nrn_tamper
HealFast Syrup,A7-385470,0,fabricated
Typbar Vi Capsular Polysaccharide Typhoid Vaccine,A6-0456,0,nrn_tamper
Levemir FlexPen 100 Units/mL Solution for Injection in Pre-filled Pen,A6-0206,1,genuine
Telmisartan & Hydrochlorothiazide Tablets USP,A5-100167,0,nrn_tamper
Poliomyelitis Vaccine (Oral) Bivalent Tyype 1 and 3,A6-0253,0,name_typo
Ketamine Hydrochloride Injection BP,A4-100166,1,genuine
Recombinant Hepatitis B Vaccine 1.0 mL (Adult),A6-100104,1,genuine
Unigyl 200 aTblet,04-8426,0,name_typo
Czartan 50 Tablets,B4-3977,0,nrn_tamper
Vaxxitek HVT + IBD Vaccine,A6-1151,0,nrn_tamper
Czzartan 25 Tablets,B4-3978,0,name_typo
Rotavac 2.5 mL Multi-dose,A6-100148,0,nrn_tamper
Marchept (Freeze Dried Live Attenuated),A8-100129,0,nrn_tamper
Cika Dexamethasone Tablets,A11-100226,1,genuine
Phesgo 600 mg/600 mg/10 mL,A6-100047,1,genuine
Humalog 100 U/mL wKikPen Solution for Injection,A6-0617,0,name_typo
Mabthera 500 mg Concentratee for Solution for Infusion,A6-0104,0,name_typo
Hanmmal,B4-4875,0,name_typo
Actemra 200 mg,A6-100067,1,genuine
Levemir FlexPen,A1-0206,0,nrn_tamper
Wosulin 30/70 Bipahsic Isophane Human Insulin,A6-0238,0,name_typo
MabThera 100 mg Concentrate for Solution for Infusion,A6-0266,1,genuine
Humuli N Injection Vial,A6-0149,0,name_typo
Rotarix Oral Suspension Applicator,A6-0186,0,nrn_tamper
Insulatard FlexPen 100 IU,A1-0450,0,nrn_tamper
Wosulin 30/70 Biphasic Isophane Insulin Human Injection,A6-0334,1,genuine
Insuget 70/30(Human Insulin - rDNA Origin) Injection 100 IU/mL,A6-100184,0,name_typo
GONAL-f Injection Pre-Filled Pen 300 IU,A6-0410,1,genuine
S-Fox,A4-3454,0,name_typo
Elaxim 52.5 Injection,A6-0081,0,nrn_tamper
Typbar TCV (Typohid Vi conjugate vaccine),A6-100142,0,name_typo
Simuect,A6-0405,0,name_typo
Wosulin R Insulin Human Injectiion,A6-0240,0,name_typo
Recombinant Hepatitis B Vaccine 0. mL (Pediatric),A6-100103,0,name_typo
S-Flox,A4-3454,1,genuine
Adsorbed Tetanus Toxoid Vaccine,A6-0201,1,genuine
Vintor 4000 Injections,A6-0072,0,nrn_tamper
Regenn-D 60,A6-0032,0,name_typo
Wosulin N Suspension for Injection 100 IU/mL Cartridge,A6-0933,0,nrn_tamper
Enspryng Solution for Injection,A6-100128,0,nrn_tamper
Unigyl 400 Tablet,A18-0330,0,nrn_tamper
MaxStrength Syrup,A2-671015,0,fabricated
Lvemir FlexPen 100 Units/mL Solution for Injection in Pre-filled Pen,A6-0206,0,name_typo
Ibulife,B4-3618,0,nrn_tamper
Foliculin 150 HP Injection,A6-0226,0,nrn_tamper
Axcel CCefuroxime-250 Capsule,A4-2996,0,name_typo
Betavate C Cream,A4-5126,1,genuine
Kadcyla Powder for Concentrate for Solution for Infusion 100 mg,A3-0506,0,nrn_tamper
Eylea 40 mg/mL Solution for Injection,A6-0516,0,nrn_tamper
Prazivin Tabllets,A4-7769,0,name_typo
Shan IPV (Inactiavted Poliomyelitis Vaccine),A6-100057,0,name_typo
Saxenda 6 mg/mL Solution for  Injection in Pre-filled Pen,A6-100004,0,name_typo
Artemether Injection,A4-8799,1,genuine
Hemlibra 150 mg,A6-100134,1,genuine
Apitol Caplets Caplet Cyproheptadine Hydrochloride 4,A10-100260,0,nrn_tamper
Ryzodeg FlexTouch 100 U/Lm,A6-0489,0,name_typo
Talibex Ciprofloxacin Tablets,B4-8686,0,nrn_tamper
Remicade,A6-0490,1,genuine
Axcel Cephalexin-500 Capslue,A4-3050,0,name_typo
Apitol Caplets Caplet Cpyroheptadine Hydrochloride 4,A11-100260,0,name_typo
Telmisartan 40 Tablet,A4-104144,0,nrn_tamper
Zopent Injection,A4-5639,1,genuine
Wosulin R Insulin Human Injection,A6-0240,1,genuine
Pagenax 120 mg/mL Solution for Injection,A6-100100,1,genuine
Mendoz Meningitis Vaccine,A6-100135,0,nrn_tamper
Chovastin 20 mg,A6-9756,0,nrn_tamper
Humulin N Cartridges,A6-0280,0,nrn_tamper
Actrapid 100 IU/mL Vial,A2-0069,0,nrn_tamper
Stamaril Vaccine,A6-0112,1,genuine
Candesartan 8 mg Tablets,B4-5805,0,nrn_tamper
"Binocrit 8,000 IU/0.8 mL Solution for Injection in a Pre-Filled Syringe",A6-100116,1,genuine
Avaxim 160 U Vaccine,A6-100175,0,nrn_tamper
Basagine Injecttion 100 units/mL,A6-100190,0,name_typo
